id,language,label,code_path,label_source,source
java_data_class_001,java,data_class,java\data_class\java_data_class_001.java,mlcq,git@github.com:alibaba/jstorm.git@5d6cde22dbca7df3d6e6830bf94f98a6639ab559:/jstorm-core/src/main/java/backtype/storm/tuple/TupleImpl.java:37-356
java_data_class_002,java,data_class,java\data_class\java_data_class_002.java,mlcq,git@github.com:alibaba/jstorm.git@5d6cde22dbca7df3d6e6830bf94f98a6639ab559:/example/sequence-split-merge/src/main/java/com/alipay/dw/jstorm/transcation/TransactionalGlobalCount.java:93-96
java_data_class_003,java,data_class,java\data_class\java_data_class_003.java,mlcq,git@github.com:apache/accumulo.git@f896c98c2356a52dfa2235d2cc02ae556ab17909:/core/src/main/java/org/apache/accumulo/core/summary/Gatherer.java:617-656
java_data_class_004,java,data_class,java\data_class\java_data_class_004.java,mlcq,git@github.com:apache/archiva.git@d1242030bf232c0d9b68e4402188ee261924bf4b:/archiva-modules/archiva-web/archiva-rest/archiva-rest-api/src/main/java/org/apache/archiva/rest/api/model/ArtifactTransferRequest.java:29-45
java_data_class_005,java,data_class,java\data_class\java_data_class_005.java,mlcq,git@github.com:apache/apex-malhar.git@1acaf15f425d72f19bb590c667987ed5d81d7f25:/library/src/main/java/org/apache/apex/malhar/lib/db/jdbc/JdbcFieldInfo.java:32-60
java_data_class_006,java,data_class,java\data_class\java_data_class_006.java,mlcq,git@github.com:apache/avro.git@1119b6eb5b92730b27e9798793bc67f192591c15:/lang/java/mapred/src/main/java/org/apache/avro/mapred/AvroWrapper.java:22-61
java_data_class_007,java,data_class,java\data_class\java_data_class_007.java,mlcq,git@github.com:apache/attic-polygene-java.git@031beef870302a0bd01bd5895ce849e00f2d5d5b:/core/runtime/src/main/java/org/apache/polygene/runtime/value/ReferenceProperty.java:28-54
java_data_class_008,java,data_class,java\data_class\java_data_class_008.java,mlcq,git@github.com:apache/brooklyn-server.git@880eb1da00f6358d7fd76d065322e3685bfb1a04:/core/src/main/java/org/apache/brooklyn/core/sensor/BasicAttributeSensor.java:31-67
java_data_class_009,java,data_class,java\data_class\java_data_class_009.java,mlcq,git@github.com:apache/calcite.git@a648f9c12309cc253628930b0cab98591caa66ab:/core/src/main/java/org/apache/calcite/plan/SubstitutionVisitor.java:854-896
java_data_class_010,java,data_class,java\data_class\java_data_class_010.java,mlcq,git@github.com:apache/drill.git@5e2251a9fd659b81ebfcd6702ee4ee16b3f7b6b3:/exec/jdbc/src/main/java/org/apache/drill/jdbc/impl/DrillMetaImpl.java:160-222
java_data_class_011,java,data_class,java\data_class\java_data_class_011.java,mlcq,git@github.com:apache/jena.git@1cca775bbf0bb0fd3ee8ac55e31f0f30cdde3b77:/jena-arq/src/main/java/org/apache/jena/sparql/util/IsoMatcher.java:113-122
java_data_class_012,java,data_class,java\data_class\java_data_class_012.java,mlcq,git@github.com:apache/openejb.git@f10c077ade927d73bdbd9ed4cc28b79f58a1cd66:/openejb/container/openejb-jee/src/main/java/org/apache/openejb/jee/was/v6/ecore/EObject.java:57-262
java_data_class_013,java,data_class,java\data_class\java_data_class_013.java,mlcq,git@github.com:apache/phoenix.git@69e5bb0b304a53967cef40b2a4cfc66e69ecaa51:/phoenix-core/src/main/java/org/apache/phoenix/schema/stats/StatisticsCollectionRunTracker.java:129-159
java_data_class_014,java,data_class,java\data_class\java_data_class_014.java,mlcq,git@github.com:apache/servicecomb-java-chassis.git@72cd0e137c4a0c3b899adfa6e19e2fd590743014:/integration-tests/it-common/src/main/java/org/apache/servicecomb/it/schema/User.java:23-76
java_data_class_015,java,data_class,java\data_class\java_data_class_015.java,mlcq,git@github.com:apache/poi.git@351623a86924dab9c565e08e8cecfe151522c448:/src/scratchpad/src/org/apache/poi/hwpf/model/types/LFOAbstractType.java:38-290
java_data_class_016,java,data_class,java\data_class\java_data_class_016.java,mlcq,git@github.com:apache/streams.git@5427e72d02bd7f1904da05cdf033359690d2dd00:/streams-core/src/main/java/org/apache/streams/core/StreamsDatum.java:30-167
java_data_class_017,java,data_class,java\data_class\java_data_class_017.java,mlcq,git@github.com:eclipse/che.git@c5498c2ac562cd8a2fc79a6bb0446d291f05a201:/core/che-core-typescript-dto-maven-plugin/src/main/java/org/eclipse/che/plugin/typescript/dto/model/FieldAttributeModel.java:29-214
java_data_class_018,java,data_class,java\data_class\java_data_class_018.java,mlcq,git@github.com:eclipse/che.git@c5498c2ac562cd8a2fc79a6bb0446d291f05a201:/ide/che-core-ide-api/src/main/java/org/eclipse/che/ide/api/editor/partition/ConstantPartitioner.java:22-103
java_data_class_019,java,data_class,java\data_class\java_data_class_019.java,mlcq,git@github.com:eclipse/hawkbit.git@51be28147f6f575b6c1ab4a5ef84ffd9174f1209:/hawkbit-repository/hawkbit-repository-api/src/main/java/org/eclipse/hawkbit/repository/FilterParams.java:22-123
java_data_class_020,java,data_class,java\data_class\java_data_class_020.java,mlcq,git@github.com:eclipse/jetty.project.git@65528f76c5ef6ddca11385f9721c8f0bc5f2eed7:/jetty-util/src/main/java/org/eclipse/jetty/util/ProcessorUtils.java:27-66
java_data_class_021,java,data_class,java\data_class\java_data_class_021.java,mlcq,git@github.com:facebook/facebook-java-business-sdk.git@561f1a75e1220b55a160a1b92b0187f72be9cd08:/src/main/java/com/facebook/ads/sdk/AdCampaignActivity.java:610-1160
java_data_class_022,java,data_class,java\data_class\java_data_class_022.java,mlcq,git@github.com:google/j2objc.git@471504a735b48d5d4ace51afa1542cc4790a921a:/jre_emul/android/platform/libcore/ojluni/src/main/java/java/security/KeyStore.java:528-564
java_data_class_023,java,data_class,java\data_class\java_data_class_023.java,mlcq,git@github.com:Microsoft/team-explorer-everywhere.git@89ab2a4847aec8ec2afdf36c3f6287dd03bd558d:/source/com.microsoft.tfs.core/src/com/microsoft/tfs/core/clients/versioncontrol/ResolutionOptions.java:17-213
java_data_class_024,java,data_class,java\data_class\java_data_class_024.java,mlcq,git@github.com:Microsoft/team-explorer-everywhere.git@89ab2a4847aec8ec2afdf36c3f6287dd03bd558d:/source/com.microsoft.tfs.core/src/com/microsoft/tfs/core/persistence/LockMode.java:15-36
java_data_class_025,java,data_class,java\data_class\java_data_class_025.java,mlcq,git@github.com:spring-projects/spring-framework.git@3a0f309e2c9fdbbf7fb2d348be861528177f8555:/spring-webmvc/src/main/java/org/springframework/web/servlet/tags/Param.java:32-77
java_data_class_026,java,data_class,java\data_class\java_data_class_026.java,mlcq,git@github.com:spring-projects/spring-roo.git@4a2e9f1eb17d4e49ad947503a63afef7d5a37842:/addon-web-mvc-thymeleaf/addon/src/main/java/org/springframework/roo/addon/web/mvc/thymeleaf/addon/ThymeleafAnnotationValues.java:17-44
java_data_class_027,java,data_class,java\data_class\java_data_class_027.java,mlcq,git@github.com:apache/incubator-druid.git@8ca7cb4886dcaeeaaea3a06aceb9e6d50eeecab5:/indexing-service/src/main/java/org/apache/druid/indexing/worker/WorkerHistoryItem.java:64-89
java_data_class_028,java,data_class,java\data_class\java_data_class_028.java,mlcq,git@github.com:apache/geode.git@8fd839e8b73e40bd2dfd14f331b587431bd35a66:/geode-core/src/main/java/org/apache/geode/internal/cache/DiskId.java:531-564
java_data_class_029,java,data_class,java\data_class\java_data_class_029.java,mlcq,git@github.com:apache/geode.git@8fd839e8b73e40bd2dfd14f331b587431bd35a66:/geode-core/src/main/java/org/apache/geode/management/internal/beans/MemberMBeanBridge.java:119-1725
java_data_class_030,java,data_class,java\data_class\java_data_class_030.java,mlcq,git@github.com:apache/activemq.git@ccf56875b0660214e0a61bd2f8adc418143551fc:/activemq-kahadb-store/src/main/java/org/apache/activemq/store/kahadb/MessageDatabase.java:2313-2340
java_data_class_031,java,data_class,java\data_class\java_data_class_031.java,mlcq,git@github.com:apache/activemq.git@ccf56875b0660214e0a61bd2f8adc418143551fc:/activemq-broker/src/main/java/org/apache/activemq/broker/TransportConnectionState.java:27-74
java_data_class_032,java,data_class,java\data_class\java_data_class_032.java,mlcq,git@github.com:apache/commons-jelly.git@48c008cc2328402e0976295625b32c5197ba2324:/jelly-tags/define/src/main/java/org/apache/commons/jelly/tags/define/TagTag.java:32-57
java_data_class_033,java,data_class,java\data_class\java_data_class_033.java,mlcq,git@github.com:apache/james-project.git@fa24a096a5853459c3769a34ccc68feb91626bfa:/server/testing/src/main/java/org/apache/james/junit/TemporaryFolderExtension.java:34-79
java_data_class_034,java,data_class,java\data_class\java_data_class_034.java,mlcq,git@github.com:apache/james-project.git@fa24a096a5853459c3769a34ccc68feb91626bfa:/mailbox/store/src/main/java/org/apache/james/mailbox/store/mail/model/impl/SimpleMessage.java:35-133
java_data_class_035,java,data_class,java\data_class\java_data_class_035.java,mlcq,git@github.com:apache/camel.git@8a85a70643c4d6eec2d3abddeea44ecb06c2f486:/components/camel-slack/src/main/java/org/apache/camel/component/slack/helper/SlackMessage.java:78-241
java_data_class_036,java,data_class,java\data_class\java_data_class_036.java,mlcq,git@github.com:apache/hbase.git@44f8abd5c65c59e9d09f6ad14b3c825f145d8e4f:/hbase-common/src/main/java/org/apache/hadoop/hbase/io/encoding/BufferedDataBlockEncoder.java:282-478
java_data_class_037,java,data_class,java\data_class\java_data_class_037.java,mlcq,git@github.com:apache/hadoop-common.git@42a61a4fbc88303913c4681f0d40ffcc737e70b5:/hadoop-common-project/hadoop-common/src/main/java/org/apache/hadoop/metrics2/MetricsTag.java:30-88
java_data_class_038,java,data_class,java\data_class\java_data_class_038.java,mlcq,git@github.com:apache/hadoop-common.git@42a61a4fbc88303913c4681f0d40ffcc737e70b5:/hadoop-mapreduce-project/hadoop-mapreduce-client/hadoop-mapreduce-client-core/src/main/java/org/apache/hadoop/mapred/MapOutputCollector.java:40-64
java_data_class_039,java,data_class,java\data_class\java_data_class_039.java,mlcq,git@github.com:apache/airavata.git@391843a00eefa7b6213e845f2f044b4e042894d5:/modules/registry/registry-server/registry-api-stubs/src/main/java/org/apache/airavata/registry/api/RegistryService.java:72161-72513
java_data_class_040,java,data_class,java\data_class\java_data_class_040.java,mlcq,git@github.com:oracle/fastr.git@a1ee49060317621c0c9eceea8ec60040aca59b2d:/com.oracle.truffle.r.runtime/src/com/oracle/truffle/r/runtime/StableValue.java:28-50
java_data_class_041,java,data_class,java\data_class\java_data_class_041.java,mlcq,git@github.com:eclipse/birt.git@f89264810347de98702db45386a822aabc0fadbf:/UI/org.eclipse.birt.report.designer.ui/src/org/eclipse/birt/report/designer/ui/preferences/ItemContent.java:22-112
java_data_class_042,java,data_class,java\data_class\java_data_class_042.java,mlcq,git@github.com:SAP/SapMachine.git@6e62561730c46dc5000c39665c43951832192ceb:/src/jdk.net/macosx/classes/jdk/net/MacOSXSocketOptions.java:32-85
java_feature_envy_001,java,feature_envy,java\feature_envy\java_feature_envy_001.java,mlcq,git@github.com:apache/activemq-artemis.git@5bd5c610195d6f4a3dd1ac28170727003f8a5a54:/artemis-server/src/main/java/org/apache/activemq/artemis/core/management/impl/AddressControlImpl.java:347-363
java_feature_envy_002,java,feature_envy,java\feature_envy\java_feature_envy_002.java,mlcq,git@github.com:apache/aries-rsa.git@f5aa5ca62c3948d7e471c3a839089180650cf4f2:/provider/fastbin/src/main/java/org/apache/aries/rsa/provider/fastbin/tcp/TcpTransport.java:150-163
java_feature_envy_003,java,feature_envy,java\feature_envy\java_feature_envy_003.java,mlcq,git@github.com:apache/accumulo.git@f896c98c2356a52dfa2235d2cc02ae556ab17909:/proxy/src/main/java/org/apache/accumulo/proxy/thrift/AccumuloProxy.java:28634-28646
java_feature_envy_004,java,feature_envy,java\feature_envy\java_feature_envy_004.java,mlcq,git@github.com:apache/aries.git@52293d20268de7c98833846ded2b70d6476773de:/subsystem/subsystem-core/src/main/java/org/apache/aries/subsystem/core/internal/ResolveContext.java:158-179
java_feature_envy_005,java,feature_envy,java\feature_envy\java_feature_envy_005.java,mlcq,git@github.com:apache/asterixdb.git@223d13a06c4a4a58408aeac19674ac1f36f5ff35:/hyracks-fullstack/hyracks/hyracks-storage-am-lsm-rtree/src/main/java/org/apache/hyracks/storage/am/lsm/rtree/dataflow/LSMRTreeWithAntiMatterLocalResource.java:96-109
java_feature_envy_006,java,feature_envy,java\feature_envy\java_feature_envy_006.java,mlcq,git@github.com:apache/commons-net.git@fb7aae4c64f7d2bf6dced00c49c3ffc428b2d572:/src/main/java/org/apache/commons/net/discard/DiscardUDPClient.java:63-71
java_feature_envy_007,java,feature_envy,java\feature_envy\java_feature_envy_007.java,mlcq,git@github.com:apache/derby.git@bd246fc89d4fce3f82f8344074ecb8a4713418df:/java/org.apache.derby.engine/org/apache/derby/impl/sql/compile/NormalizeResultSetNode.java:561-612
java_feature_envy_008,java,feature_envy,java\feature_envy\java_feature_envy_008.java,mlcq,git@github.com:apache/cxf.git@6bf89e9c8804c8845ec4d38583dd33eea8256439:/rt/rs/security/jose-parent/jose/src/main/java/org/apache/cxf/rs/security/jose/jwk/JwkUtils.java:448-469
java_feature_envy_009,java,feature_envy,java\feature_envy\java_feature_envy_009.java,mlcq,git@github.com:apache/drill.git@5e2251a9fd659b81ebfcd6702ee4ee16b3f7b6b3:/exec/java-exec/src/main/java/org/apache/drill/exec/physical/impl/WriterRecordBatch.java:138-156
java_feature_envy_010,java,feature_envy,java\feature_envy\java_feature_envy_010.java,mlcq,git@github.com:apache/incubator-sentry.git@4643f988a5e0ce2b9749e6365edea3a16482de86:/sentry-hdfs/sentry-hdfs-common/src/gen/thrift/gen-javabean/org/apache/sentry/hdfs/service/thrift/SentryHDFSService.java:1004-1010
java_feature_envy_011,java,feature_envy,java\feature_envy\java_feature_envy_011.java,mlcq,git@github.com:apache/jclouds.git@c2670079fabe74f163f43fbade0866469f7a84ec:/compute/src/main/java/org/jclouds/compute/predicates/OperatingSystemPredicates.java:38-59
java_feature_envy_012,java,feature_envy,java\feature_envy\java_feature_envy_012.java,mlcq,git@github.com:apache/nifi-registry.git@563bfeda9766b7fe9d4480c55ac7212679db10c8:/nifi-registry-core/nifi-registry-framework/src/main/java/org/apache/nifi/registry/provider/flow/git/GitFlowPersistenceProvider.java:332-349
java_feature_envy_013,java,feature_envy,java\feature_envy\java_feature_envy_013.java,mlcq,git@github.com:apache/olingo-odata2.git@c5e9fdf569b5e2e50f5670c91013db8f9ae1d950:/odata2-jpa-processor/jpa-api/src/main/java/org/apache/olingo/odata2/jpa/processor/api/ODataJPADefaultProcessor.java:270-297
java_feature_envy_014,java,feature_envy,java\feature_envy\java_feature_envy_014.java,mlcq,git@github.com:apache/nifi.git@c8eff590efa3babcda0b755009224dcac168708b:/nifi-nar-bundles/nifi-framework-bundle/nifi-framework/nifi-framework-core/src/main/java/org/apache/nifi/controller/repository/VolatileContentRepository.java:397-418
java_feature_envy_015,java,feature_envy,java\feature_envy\java_feature_envy_015.java,mlcq,git@github.com:apache/pulsar.git@044daf8d61328265640a5b3e5008fc04fac73efa:/pulsar-broker/src/main/java/org/apache/pulsar/broker/loadbalance/impl/SimpleLoadManagerImpl.java:1069-1074
java_feature_envy_016,java,feature_envy,java\feature_envy\java_feature_envy_016.java,mlcq,git@github.com:eclipse/concierge.git@4c73cacebc5ecbdef24d4256ab506359294f7a55:/framework/org.eclipse.concierge/src/org/eclipse/concierge/Resources.java:626-640
java_feature_envy_017,java,feature_envy,java\feature_envy\java_feature_envy_017.java,mlcq,git@github.com:eclipse/dawnsci.git@1131d5c65e9e8ea98141eecee1743cf1053544f4:/org.eclipse.dawnsci.analysis.dataset/src/org/eclipse/dawnsci/analysis/dataset/roi/fitting/EllipseFitter.java:486-512
java_feature_envy_018,java,feature_envy,java\feature_envy\java_feature_envy_018.java,mlcq,git@github.com:eclipse/kapua.git@11e610c657f7e473b52882833e33a2261bd3d67d:/console/module/device/src/main/java/org/eclipse/kapua/app/console/module/device/client/device/bundles/DeviceTabBundles.java:111-132
java_feature_envy_019,java,feature_envy,java\feature_envy\java_feature_envy_019.java,mlcq,git@github.com:apache/incubator-druid.git@8ca7cb4886dcaeeaaea3a06aceb9e6d50eeecab5:/processing/src/main/java/org/apache/druid/segment/virtual/ExpressionSelectors.java:311-327
java_feature_envy_020,java,feature_envy,java\feature_envy\java_feature_envy_020.java,mlcq,git@github.com:eclipse/xtext-extras.git@5634c291880cd46fe2f8e9a47e48ef88b85e8bda:/org.eclipse.xtext.common.types/src/org/eclipse/xtext/common/types/access/reflect/ReflectionTypeFactory.java:618-646
java_feature_envy_021,java,feature_envy,java\feature_envy\java_feature_envy_021.java,mlcq,git@github.com:apache/james-project.git@fa24a096a5853459c3769a34ccc68feb91626bfa:/mailbox/elasticsearch/src/main/java/org/apache/james/mailbox/elasticsearch/query/CriterionConverter.java:132-139
java_feature_envy_022,java,feature_envy,java\feature_envy\java_feature_envy_022.java,mlcq,git@github.com:apache/ignite.git@7a7c407ea41477aae8508bfe871b4e9a67e1b277:/modules/core/src/main/java/org/apache/ignite/internal/processors/platform/messaging/PlatformMessaging.java:185-195
java_feature_envy_023,java,feature_envy,java\feature_envy\java_feature_envy_023.java,mlcq,git@github.com:apache/hive.git@2fa22bf360898dc8fd1408bfcc96e1c6aeaf9a53:/standalone-metastore/metastore-common/src/gen/thrift/gen-javabean/org/apache/hadoop/hive/metastore/api/ThriftHiveMetastore.java:181787-181806
java_feature_envy_024,java,feature_envy,java\feature_envy\java_feature_envy_024.java,mlcq,git@github.com:eclipse/birt.git@f89264810347de98702db45386a822aabc0fadbf:/UI/org.eclipse.birt.report.designer.ui.data/src/org/eclipse/birt/report/designer/data/ui/actions/EditDataSourceAction.java:59-70
java_god_class_001,java,god_class,java\god_class\java_god_class_001.java,mlcq,git@github.com:apache/accumulo.git@f896c98c2356a52dfa2235d2cc02ae556ab17909:/iterator-test-harness/src/main/java/org/apache/accumulo/iteratortest/IteratorTestCaseFinder.java:35-81
java_god_class_002,java,god_class,java\god_class\java_god_class_002.java,mlcq,git@github.com:apache/calcite.git@a648f9c12309cc253628930b0cab98591caa66ab:/core/src/main/java/org/apache/calcite/util/ImmutableBitSet.java:46-1144
java_god_class_003,java,god_class,java\god_class\java_god_class_003.java,mlcq,git@github.com:apache/chukwa.git@65f6972859115a4ddad6def06475465f0971e9ae:/src/main/java/org/apache/hadoop/chukwa/util/ConstRateAdaptor.java:41-153
java_god_class_004,java,god_class,java\god_class\java_god_class_004.java,mlcq,git@github.com:apache/commons-bsf.git@88b2601a3caecc32aba38f2b3980d646e9a1b698:/src/main/java/org/apache/bsf/util/event/generator/EventAdapterGenerator.java:46-606
java_god_class_005,java,god_class,java\god_class\java_god_class_005.java,mlcq,git@github.com:apache/crunch.git@9b8849cfd89f1e7f187b99914163509060692aa5:/crunch-contrib/src/main/java/org/apache/crunch/contrib/text/AbstractSimpleExtractor.java:28-95
java_god_class_006,java,god_class,java\god_class\java_god_class_006.java,mlcq,git@github.com:apache/directory-server.git@310007cc1c7eb5415f93bed67d5553bc70980820:/protocol-ldap/src/main/java/org/apache/directory/server/ldap/LdapProtocolUtils.java:38-171
java_god_class_007,java,god_class,java\god_class\java_god_class_007.java,mlcq,git@github.com:apache/directory-studio.git@e8f15ea553a3ae7bebc2fe96d6a2864e188f8017:/plugins/apacheds.configuration/src/main/java/org/apache/directory/studio/apacheds/configuration/editor/PasswordPolicyDetailsPage.java:110-1248
java_god_class_008,java,god_class,java\god_class\java_god_class_008.java,mlcq,git@github.com:apache/drill.git@5e2251a9fd659b81ebfcd6702ee4ee16b3f7b6b3:/protocol/src/main/java/org/apache/drill/exec/proto/UserProtos.java:19445-20118
java_god_class_009,java,god_class,java\god_class\java_god_class_009.java,mlcq,git@github.com:apache/incubator-atlas.git@e0d2cdc27c32742ebecd24db4cca62dc04dcdf4b:/webapp/src/main/java/org/apache/atlas/web/dao/UserDao.java:44-135
java_god_class_010,java,god_class,java\god_class\java_god_class_010.java,mlcq,git@github.com:apache/jena.git@1cca775bbf0bb0fd3ee8ac55e31f0f30cdde3b77:/jena-arq/src/main/java/org/apache/jena/sparql/expr/ExprList.java:30-175
java_god_class_011,java,god_class,java\god_class\java_god_class_011.java,mlcq,git@github.com:apache/maven-scm.git@6f876b4dc33372a8527f09c23c6f698e04a771c6:/maven-scm-providers/maven-scm-provider-perforce/src/main/java/org/apache/maven/scm/provider/perforce/PerforceScmProvider.java:77-558
java_god_class_012,java,god_class,java\god_class\java_god_class_012.java,mlcq,git@github.com:apache/ode.git@b2ddc6436891f84f716ffcbed8c1cd1e374bd805:/bpel-nobj/src/main/java/org/apache/ode/bpel/obj/OAssign.java:393-437
java_god_class_013,java,god_class,java\god_class\java_god_class_013.java,mlcq,git@github.com:apache/oozie.git@491e73ee9f941dfb25dfe92121fb033295ef42ee:/core/src/main/java/org/apache/oozie/executor/jpa/CoordActionQueryExecutor.java:40-383
java_god_class_014,java,god_class,java\god_class\java_god_class_014.java,mlcq,git@github.com:apache/nifi.git@c8eff590efa3babcda0b755009224dcac168708b:/nifi-commons/nifi-flowfile-packager/src/main/java/org/apache/nifi/util/FlowFileUnpackagerV1.java:29-155
java_god_class_015,java,god_class,java\god_class\java_god_class_015.java,mlcq,git@github.com:apache/poi.git@351623a86924dab9c565e08e8cecfe151522c448:/src/scratchpad/src/org/apache/poi/hwpf/model/BookmarksTables.java:29-204
java_god_class_016,java,god_class,java\god_class\java_god_class_016.java,mlcq,git@github.com:apache/storm.git@dc56e32f3dcdd9396a827a85029d60ed97474786:/storm-client/src/jvm/org/apache/storm/stats/BoltExecutorStats.java:24-95
java_god_class_017,java,god_class,java\god_class\java_god_class_017.java,mlcq,git@github.com:apache/uima-uimaj.git@e79c33b5a3e4c25afb407e68e98df1829a68e5a7:/uimaj-tools/src/main/java/org/apache/uima/tools/AnnotationViewerMain.java:78-459
java_god_class_018,java,god_class,java\god_class\java_god_class_018.java,mlcq,git@github.com:apache/zeppelin.git@4219d552349f8f7f3e6de34505b8a8ae9835f98b:/zeppelin-zengine/src/main/java/org/apache/zeppelin/interpreter/RemoteInterpreterEventServer.java:66-485
java_god_class_019,java,god_class,java\god_class\java_god_class_019.java,mlcq,git@github.com:eclipse/che.git@c5498c2ac562cd8a2fc79a6bb0446d291f05a201:/ide/che-core-ide-app/src/main/java/org/eclipse/che/ide/actions/GoIntoAction.java:29-88
java_god_class_020,java,god_class,java\god_class\java_god_class_020.java,mlcq,git@github.com:eclipse/rdf4j.git@6f63df540e30b28e0c8880bea72f85cb88424b03:/queryparser/sparql/src/main/java/org/eclipse/rdf4j/query/parser/sparql/BaseDeclProcessor.java:31-129
java_god_class_021,java,god_class,java\god_class\java_god_class_021.java,mlcq,git@github.com:Microsoft/malmo.git@91b1a7a01ec0dd883f81a51048badac0398695f7:/Minecraft/src/main/java/com/microsoft/Malmo/MissionHandlers/VideoProducerImplementation.java:44-193
java_god_class_022,java,god_class,java\god_class\java_god_class_022.java,mlcq,git@github.com:oracle/oci-java-sdk.git@76e9cecd7b309d9f12e5efe96c74167c66a98872:/bmc-dns/src/main/java/com/oracle/bmc/dns/model/CreateZoneDetails.java:19-204
java_god_class_023,java,god_class,java\god_class\java_god_class_023.java,mlcq,git@github.com:Microsoft/team-explorer-everywhere.git@89ab2a4847aec8ec2afdf36c3f6287dd03bd558d:/source/com.microsoft.tfs.client.common.ui/src/com/microsoft/tfs/client/common/ui/wit/controls/QueryItemTreeControl.java:52-416
java_god_class_024,java,god_class,java\god_class\java_god_class_024.java,mlcq,git@github.com:Microsoft/team-explorer-everywhere.git@89ab2a4847aec8ec2afdf36c3f6287dd03bd558d:/source/com.microsoft.tfs.core.ws/generated-src/ms/tfs/workitemtracking/configurationsettingsservice/_03/_ConfigurationSettingsServiceSoapService.java:53-439
java_god_class_025,java,god_class,java\god_class\java_god_class_025.java,mlcq,git@github.com:yandex/clickhouse-jdbc.git@b0f66b311bd94a22bf6208918d438eff9c7d381c:/src/main/java/ru/yandex/clickhouse/response/ClickHouseScrollableResultSet.java:12-146
java_god_class_026,java,god_class,java\god_class\java_god_class_026.java,mlcq,git@github.com:apache/incubator-brooklyn.git@337a5d22d5e9c98cc96ea1085383cbed1ee0b741:/brooklyn-server/server-cli/src/main/java/org/apache/brooklyn/cli/Main.java:194-824
java_god_class_027,java,god_class,java\god_class\java_god_class_027.java,mlcq,git@github.com:apache/geode.git@8fd839e8b73e40bd2dfd14f331b587431bd35a66:/geode-core/src/distributedTest/java/org/apache/geode/internal/cache/persistence/PersistentReplicatedTestBase.java:42-242
java_god_class_028,java,god_class,java\god_class\java_god_class_028.java,mlcq,git@github.com:eclipse/xtext-core.git@e04964e4c2a3e0338c0079bd8333688835e77c31:/org.eclipse.xtext.util/src/org/eclipse/xtext/util/Strings.java:23-475
java_god_class_029,java,god_class,java\god_class\java_god_class_029.java,mlcq,git@github.com:apache/activemq.git@ccf56875b0660214e0a61bd2f8adc418143551fc:/activemq-broker/src/main/java/org/apache/activemq/broker/region/TopicSubscription.java:51-817
java_god_class_030,java,god_class,java\god_class\java_god_class_030.java,mlcq,git@github.com:apache/james-project.git@fa24a096a5853459c3769a34ccc68feb91626bfa:/server/data/data-library/src/main/java/org/apache/james/rrt/lib/AbstractRecipientRewriteTable.java:47-351
java_god_class_031,java,god_class,java\god_class\java_god_class_031.java,mlcq,git@github.com:apache/camel.git@8a85a70643c4d6eec2d3abddeea44ecb06c2f486:/components/camel-sql/src/main/java/org/apache/camel/component/sql/stored/template/generated/TokenMgrError.java:22-162
java_god_class_032,java,god_class,java\god_class\java_god_class_032.java,mlcq,git@github.com:apache/cloudstack.git@8d3feb100aab4a45b31a789f444038b892161eec:/server/src/main/java/com/cloud/usage/UsageServiceImpl.java:79-438
java_god_class_033,java,god_class,java\god_class\java_god_class_033.java,mlcq,git@github.com:apache/hbase.git@44f8abd5c65c59e9d09f6ad14b3c825f145d8e4f:/hbase-server/src/main/java/org/apache/hadoop/hbase/master/assignment/SplitTableRegionProcedure.java:91-897
java_god_class_034,java,god_class,java\god_class\java_god_class_034.java,mlcq,git@github.com:apache/ignite.git@7a7c407ea41477aae8508bfe871b4e9a67e1b277:/modules/core/src/main/java/org/apache/ignite/internal/processors/cache/distributed/dht/atomic/GridNearAtomicSingleUpdateRequest.java:49-321
java_god_class_035,java,god_class,java\god_class\java_god_class_035.java,mlcq,git@github.com:apache/hadoop-common.git@42a61a4fbc88303913c4681f0d40ffcc737e70b5:/hadoop-common-project/hadoop-common/src/main/java/org/apache/hadoop/metrics2/impl/MetricsSystemImpl.java:69-601
java_god_class_036,java,god_class,java\god_class\java_god_class_036.java,mlcq,git@github.com:apache/airavata.git@391843a00eefa7b6213e845f2f044b4e042894d5:/modules/registry/registry-server/registry-api-stubs/src/main/java/org/apache/airavata/registry/api/RegistryService.java:139622-139692
java_god_class_037,java,god_class,java\god_class\java_god_class_037.java,mlcq,git@github.com:apache/hive.git@2fa22bf360898dc8fd1408bfcc96e1c6aeaf9a53:/standalone-metastore/metastore-common/src/gen/thrift/gen-javabean/org/apache/hadoop/hive/metastore/api/ThriftHiveMetastore.java:233896-233981
java_god_class_038,java,god_class,java\god_class\java_god_class_038.java,mlcq,git@github.com:apache/hive.git@2fa22bf360898dc8fd1408bfcc96e1c6aeaf9a53:/llap-common/src/gen/protobuf/gen-java/org/apache/hadoop/hive/llap/plugin/rpc/LlapPluginProtocolProtos.java:286-435
java_god_class_039,java,god_class,java\god_class\java_god_class_039.java,mlcq,git@github.com:apache/lucene-solr.git@bca22d58e2d126ec6d349d375d3ea028892104e1:/lucene/core/src/java/org/apache/lucene/search/DocIdSetIterator.java:29-220
java_god_class_040,java,god_class,java\god_class\java_god_class_040.java,mlcq,git@github.com:oracle/fastr.git@a1ee49060317621c0c9eceea8ec60040aca59b2d:/com.oracle.truffle.r.nodes/src/com/oracle/truffle/r/nodes/control/WhileNode.java:42-114
java_god_class_041,java,god_class,java\god_class\java_god_class_041.java,mlcq,git@github.com:eclipse/birt.git@f89264810347de98702db45386a822aabc0fadbf:/data/org.eclipse.birt.data/src/org/eclipse/birt/data/engine/api/script/BaseScriptEvalUtil.java:59-1292
java_god_class_042,java,god_class,java\god_class\java_god_class_042.java,mlcq,git@github.com:SAP/SapMachine.git@6e62561730c46dc5000c39665c43951832192ceb:/src/demo/share/jfc/J2Ddemo/java2d/demos/Transforms/TransformAnim.java:386-518
java_long_method_001,java,long_method,java\long_method\java_long_method_001.java,mlcq,git@github.com:apache/beam.git@a956ff77a8448e5f2c12f6695fec608348b5ab60:/sdks/java/io/synthetic/src/main/java/org/apache/beam/sdk/io/synthetic/SyntheticOptions.java:228-289
java_long_method_002,java,long_method,java\long_method\java_long_method_002.java,mlcq,git@github.com:apache/asterixdb.git@223d13a06c4a4a58408aeac19674ac1f36f5ff35:/asterixdb/asterix-transactions/src/main/java/org/apache/asterix/transaction/management/service/logging/LogManager.java:440-466
java_long_method_003,java,long_method,java\long_method\java_long_method_003.java,mlcq,git@github.com:apache/commons-jxpath.git@eff47ab8ca52fdbc91d1313cc224324465dd043e:/src/main/java/org/apache/commons/jxpath/ri/model/dom/DOMNodePointer.java:672-697
java_long_method_004,java,long_method,java\long_method\java_long_method_004.java,mlcq,git@github.com:apache/commons-math.git@f3719d89ab6a928e8618bbe6a7da8214d9d6eb07:/src/main/java/org/apache/commons/math4/stat/correlation/KendallsCorrelation.java:154-261
java_long_method_005,java,long_method,java\long_method\java_long_method_005.java,mlcq,git@github.com:apache/directory-ldap-api.git@5b93e102556ad2191b5d30411708410d1b1a9d71:/ldap/model/src/main/java/org/apache/directory/api/ldap/model/url/LdapUrl.java:1067-1106
java_long_method_006,java,long_method,java\long_method\java_long_method_006.java,mlcq,git@github.com:apache/directory-ldap-api.git@5b93e102556ad2191b5d30411708410d1b1a9d71:/ldap/model/src/main/java/org/apache/directory/api/ldap/model/schema/syntaxCheckers/DseTypeSyntaxChecker.java:133-273
java_long_method_007,java,long_method,java\long_method\java_long_method_007.java,mlcq,git@github.com:apache/directory-server.git@310007cc1c7eb5415f93bed67d5553bc70980820:/jdbm-partition/src/main/java/org/apache/directory/server/core/partition/impl/btree/jdbm/DupsCursor.java:174-247
java_long_method_008,java,long_method,java\long_method\java_long_method_008.java,mlcq,git@github.com:apache/derby.git@bd246fc89d4fce3f82f8344074ecb8a4713418df:/java/org.apache.derby.engine/org/apache/derby/impl/sql/compile/SubqueryNode.java:606-926
java_long_method_009,java,long_method,java\long_method\java_long_method_009.java,mlcq,git@github.com:apache/drill.git@5e2251a9fd659b81ebfcd6702ee4ee16b3f7b6b3:/exec/java-exec/src/main/java/org/apache/drill/exec/physical/rowSet/project/RequestedTupleImpl.java:260-291
java_long_method_010,java,long_method,java\long_method\java_long_method_010.java,mlcq,git@github.com:apache/felix.git@a132994b250751d4ba3b115ee070ba397d9840ca:/inventory/src/main/java/org/apache/felix/inventory/impl/webconsole/ResourceBundleManager.java:134-189
java_long_method_011,java,long_method,java\long_method\java_long_method_011.java,mlcq,git@github.com:apache/jmeter.git@0facf1525a7d0bd816efd33e72309856e901a883:/src/protocol/http/org/apache/jmeter/protocol/http/config/gui/UrlConfigGui.java:272-314
java_long_method_012,java,long_method,java\long_method\java_long_method_012.java,mlcq,git@github.com:apache/nifi.git@c8eff590efa3babcda0b755009224dcac168708b:/nifi-nar-bundles/nifi-aws-bundle/nifi-aws-processors/src/main/java/org/apache/nifi/processors/aws/dynamodb/PutDynamoDB.java:100-188
java_long_method_013,java,long_method,java\long_method\java_long_method_013.java,mlcq,git@github.com:apache/pig.git@17a4d1795ead1f2b4c62043eaf4739ed39ec2f3f:/src/org/apache/pig/PigServer.java:223-296
java_long_method_014,java,long_method,java\long_method\java_long_method_014.java,mlcq,git@github.com:apache/rocketmq.git@971fa8ed8b209b39bdfe41c57cd64576d244e6bd:/common/src/main/java/org/apache/rocketmq/common/UtilAll.java:484-516
java_long_method_015,java,long_method,java\long_method\java_long_method_015.java,mlcq,git@github.com:apache/shindig.git@8f3c3d5c77f5324bad56a5a62da28657fe9112a0:/java/common/src/main/java/org/apache/shindig/common/uri/Uri.java:205-289
java_long_method_016,java,long_method,java\long_method\java_long_method_016.java,mlcq,git@github.com:apache/xalan-j.git@cba6d7fe7e93defecb98d155e2a780f8a3f1fbaa:/src/org/apache/xalan/xsltc/dom/ObjectFactory.java:391-443
java_long_method_017,java,long_method,java\long_method\java_long_method_017.java,mlcq,git@github.com:eclipse/ceylon.git@d3994d6cd120c4df85952cd9432123b413cfd65a:/model/src/org/eclipse/ceylon/model/loader/TypeParser.java:431-505
java_long_method_018,java,long_method,java\long_method\java_long_method_018.java,mlcq,git@github.com:eclipse/che.git@c5498c2ac562cd8a2fc79a6bb0446d291f05a201:/infrastructures/docker/docker-client/src/main/java/org/eclipse/che/infrastructure/docker/client/json/ExecInfo.java:90-116
java_long_method_019,java,long_method,java\long_method\java_long_method_019.java,mlcq,git@github.com:Esri/arcgis-runtime-samples-java.git@c7a0b309586495ff9cc9dbed129e411943547793:/src/main/java/com/esri/samples/featurelayers/feature_layer_rendering_mode_map/FeatureLayerRenderingModeMapSample.java:45-114
java_long_method_020,java,long_method,java\long_method\java_long_method_020.java,mlcq,git@github.com:google/j2objc.git@471504a735b48d5d4ace51afa1542cc4790a921a:/jre_emul/android/platform/external/icu/android_icu4j/src/main/java/android/icu/util/VTimeZone.java:1661-1695
java_long_method_021,java,long_method,java\long_method\java_long_method_021.java,mlcq,git@github.com:Microsoft/team-explorer-everywhere.git@89ab2a4847aec8ec2afdf36c3f6287dd03bd558d:/source/com.microsoft.tfs.core/src/com/microsoft/tfs/core/clients/framework/location/internal/LocationCacheManager.java:399-431
java_long_method_022,java,long_method,java\long_method\java_long_method_022.java,mlcq,git@github.com:Microsoft/team-explorer-everywhere.git@89ab2a4847aec8ec2afdf36c3f6287dd03bd558d:/source/com.microsoft.tfs.core/src/com/microsoft/tfs/core/util/TSWAHyperlinkBuilder.java:518-559
java_long_method_023,java,long_method,java\long_method\java_long_method_023.java,mlcq,git@github.com:spring-projects/spring-framework.git@3a0f309e2c9fdbbf7fb2d348be861528177f8555:/spring-orm/src/main/java/org/springframework/orm/jpa/SharedEntityManagerCreator.java:212-331
java_long_method_024,java,long_method,java\long_method\java_long_method_024.java,mlcq,git@github.com:uber/NullAway.git@31a184261daaf05f3d353146f44e8e8f12fd7a4d:/nullaway/src/main/java/com/uber/nullaway/handlers/RxNullabilityPropagator.java:287-315
java_long_method_025,java,long_method,java\long_method\java_long_method_025.java,mlcq,git@github.com:vmware/xenon.git@b6fb48b745985af2efc59b7ee0e5e7d69a289fbc:/xenon-common/src/main/java/com/vmware/xenon/common/OperationProcessingChain.java:345-354
java_long_method_026,java,long_method,java\long_method\java_long_method_026.java,mlcq,git@github.com:apache/incubator-brooklyn.git@337a5d22d5e9c98cc96ea1085383cbed1ee0b741:/brooklyn-server/core/src/main/java/org/apache/brooklyn/util/core/task/BasicTask.java:437-462
java_long_method_027,java,long_method,java\long_method\java_long_method_027.java,mlcq,git@github.com:apache/servicemix-bundles.git@5f2c7727f71c167997947ad4604f9b8200952af2:/xalan-2.7.2/src/main/java/org/apache/xalan/xsltc/runtime/ObjectFactory.java:477-529
java_long_method_028,java,long_method,java\long_method\java_long_method_028.java,mlcq,git@github.com:eclipse/gef-legacy.git@14563a9e1f2af636a5364d195cf07dbff6f35fa6:/org.eclipse.draw2d/src/org/eclipse/draw2d/graph/ConvertCompoundGraph.java:142-171
java_long_method_029,java,long_method,java\long_method\java_long_method_029.java,mlcq,git@github.com:eclipse/xtext-extras.git@5634c291880cd46fe2f8e9a47e48ef88b85e8bda:/org.eclipse.xtext.xbase.testlanguages/src-gen/org/eclipse/xtext/xbase/testlanguages/parser/antlr/internal/InternalXImportSectionTestLangLexer.java:2127-2300
java_long_method_030,java,long_method,java\long_method\java_long_method_030.java,mlcq,git@github.com:eclipse/xtext-core.git@e04964e4c2a3e0338c0079bd8333688835e77c31:/org.eclipse.xtext.xtext.generator/xtend-gen/org/eclipse/xtext/xtext/generator/serializer/NamedSerializationContextProvider.java:45-88
java_long_method_031,java,long_method,java\long_method\java_long_method_031.java,mlcq,git@github.com:alibaba/cobar.git@bc36a14d4a3f8acc0db0b3b07a7db8d38afefda5:/server/src/main/server/com/alibaba/cobar/server/parser/ServerParseSet.java:192-226
java_long_method_032,java,long_method,java\long_method\java_long_method_032.java,mlcq,git@github.com:eclipse/org.aspectj.git@370f291c359cd159c5f3f0abd6e9e53e81234a07:/weaver/src/main/java/org/aspectj/weaver/bcel/AtAjAttributes.java:526-584
java_long_method_033,java,long_method,java\long_method\java_long_method_033.java,mlcq,git@github.com:apache/cloudstack.git@8d3feb100aab4a45b31a789f444038b892161eec:/server/src/main/java/com/cloud/consoleproxy/ConsoleProxyManagerImpl.java:696-720
java_long_method_034,java,long_method,java\long_method\java_long_method_034.java,mlcq,git@github.com:apache/cloudstack.git@8d3feb100aab4a45b31a789f444038b892161eec:/server/src/main/java/com/cloud/server/ManagementServerImpl.java:3807-3831
java_long_method_035,java,long_method,java\long_method\java_long_method_035.java,mlcq,git@github.com:apache/hive.git@2fa22bf360898dc8fd1408bfcc96e1c6aeaf9a53:/standalone-metastore/metastore-common/src/gen/thrift/gen-javabean/org/apache/hadoop/hive/metastore/api/WMTrigger.java:733-798
java_long_method_036,java,long_method,java\long_method\java_long_method_036.java,mlcq,git@github.com:apache/hive.git@2fa22bf360898dc8fd1408bfcc96e1c6aeaf9a53:/ql/src/java/org/apache/hadoop/hive/ql/exec/vector/ptf/VectorPTFOperator.java:241-268
java_long_method_037,java,long_method,java\long_method\java_long_method_037.java,mlcq,git@github.com:apache/lucene-solr.git@bca22d58e2d126ec6d349d375d3ea028892104e1:/lucene/analysis/common/src/java/org/tartarus/snowball/ext/ItalianStemmer.java:257-401
java_long_method_038,java,long_method,java\long_method\java_long_method_038.java,mlcq,git@github.com:apache/lucene-solr.git@bca22d58e2d126ec6d349d375d3ea028892104e1:/solr/core/src/java/org/apache/solr/update/processor/DistributedZkUpdateProcessor.java:953-1007
java_long_method_039,java,long_method,java\long_method\java_long_method_039.java,mlcq,git@github.com:eclipse/birt.git@f89264810347de98702db45386a822aabc0fadbf:/data/org.eclipse.birt.report.data.oda.jdbc.ui/src/org/eclipse/birt/report/data/oda/jdbc/ui/editors/JdbcSQLContentAssistProcessor.java:278-308
java_long_method_040,java,long_method,java\long_method\java_long_method_040.java,mlcq,git@github.com:SAP/SapMachine.git@6e62561730c46dc5000c39665c43951832192ceb:/src/java.desktop/share/classes/javax/swing/text/BoxView.java:956-996
java_long_method_041,java,long_method,java\long_method\java_long_method_041.java,mlcq,git@github.com:SAP/SapMachine.git@6e62561730c46dc5000c39665c43951832192ceb:/src/java.xml/share/classes/com/sun/org/apache/xerces/internal/impl/xs/XMLSchemaLoader.java:1000-1116
java_long_method_042,java,long_method,java\long_method\java_long_method_042.java,mlcq,git@github.com:SAP/SapMachine.git@6e62561730c46dc5000c39665c43951832192ceb:/src/jdk.compiler/share/classes/com/sun/tools/javac/comp/Lower.java:1457-1477
java_long_parameter_list_001,java,long_parameter_list,java\long_parameter_list\java_long_parameter_list_001.java,rule:param_count,git@github.com:alibaba/atlas.git@e8c7b3f1ff14b2a1df64321c6992b796cae7d732:/atlas-core/src/main/java/android/taobao/atlas/runtime/newcomponent/IntentResolver.java
java_long_parameter_list_002,java,long_parameter_list,java\long_parameter_list\java_long_parameter_list_002.java,rule:param_count,git@github.com:alibaba/jstorm.git@5d6cde22dbca7df3d6e6830bf94f98a6639ab559:/jstorm-core/src/main/java/backtype/storm/generated/Nimbus.java
java_long_parameter_list_003,java,long_parameter_list,java\long_parameter_list\java_long_parameter_list_003.java,rule:param_count,git@github.com:apache/accumulo.git@f896c98c2356a52dfa2235d2cc02ae556ab17909:/proxy/src/main/java/org/apache/accumulo/proxy/thrift/AccumuloProxy.java
java_long_parameter_list_004,java,long_parameter_list,java\long_parameter_list\java_long_parameter_list_004.java,rule:param_count,git@github.com:apache/accumulo.git@f896c98c2356a52dfa2235d2cc02ae556ab17909:/proxy/src/main/java/org/apache/accumulo/proxy/thrift/AccumuloProxy.java
java_long_parameter_list_005,java,long_parameter_list,java\long_parameter_list\java_long_parameter_list_005.java,rule:param_count,git@github.com:apache/accumulo.git@f896c98c2356a52dfa2235d2cc02ae556ab17909:/core/src/main/java/org/apache/accumulo/core/tabletserver/thrift/TabletClientService.java
java_long_parameter_list_006,java,long_parameter_list,java\long_parameter_list\java_long_parameter_list_006.java,rule:param_count,git@github.com:apache/accumulo.git@f896c98c2356a52dfa2235d2cc02ae556ab17909:/core/src/main/java/org/apache/accumulo/core/clientImpl/thrift/ClientService.java
java_long_parameter_list_007,java,long_parameter_list,java\long_parameter_list\java_long_parameter_list_007.java,rule:param_count,git@github.com:apache/accumulo.git@f896c98c2356a52dfa2235d2cc02ae556ab17909:/proxy/src/main/java/org/apache/accumulo/proxy/thrift/ActiveScan.java
java_long_parameter_list_008,java,long_parameter_list,java\long_parameter_list\java_long_parameter_list_008.java,rule:param_count,git@github.com:apache/accumulo.git@f896c98c2356a52dfa2235d2cc02ae556ab17909:/core/src/main/java/org/apache/accumulo/core/clientImpl/thrift/ClientService.java
java_long_parameter_list_009,java,long_parameter_list,java\long_parameter_list\java_long_parameter_list_009.java,rule:param_count,git@github.com:apache/accumulo.git@f896c98c2356a52dfa2235d2cc02ae556ab17909:/proxy/src/main/java/org/apache/accumulo/proxy/thrift/AccumuloProxy.java
java_long_parameter_list_010,java,long_parameter_list,java\long_parameter_list\java_long_parameter_list_010.java,rule:param_count,git@github.com:apache/asterixdb.git@223d13a06c4a4a58408aeac19674ac1f36f5ff35:/hyracks-fullstack/hyracks/hyracks-storage-am-common/src/main/java/org/apache/hyracks/storage/am/common/dataflow/IndexSearchOperatorNodePushable.java
java_long_parameter_list_011,java,long_parameter_list,java\long_parameter_list\java_long_parameter_list_011.java,rule:param_count,git@github.com:apache/calcite.git@a648f9c12309cc253628930b0cab98591caa66ab:/core/src/main/java/org/apache/calcite/jdbc/CalciteSchema.java
java_long_parameter_list_012,java,long_parameter_list,java\long_parameter_list\java_long_parameter_list_012.java,rule:param_count,git@github.com:apache/commons-math.git@f3719d89ab6a928e8618bbe6a7da8214d9d6eb07:/src/main/java/org/apache/commons/math4/ode/nonstiff/AdamsFieldStepInterpolator.java
java_long_parameter_list_013,java,long_parameter_list,java\long_parameter_list\java_long_parameter_list_013.java,rule:param_count,git@github.com:apache/derby.git@bd246fc89d4fce3f82f8344074ecb8a4713418df:/java/org.apache.derby.engine/org/apache/derby/impl/sql/execute/CreateViewConstantAction.java
java_long_parameter_list_014,java,long_parameter_list,java\long_parameter_list\java_long_parameter_list_014.java,rule:param_count,git@github.com:apache/fop.git@caced35327f6b6d6eeac2a13543f3c458e902101:/fop-core/src/main/java/org/apache/fop/layoutmgr/inline/TextLayoutManager.java
java_long_parameter_list_015,java,long_parameter_list,java\long_parameter_list\java_long_parameter_list_015.java,rule:param_count,git@github.com:apache/flink.git@8068c8775ad067d75828e6360e7e0994348da9b9:/flink-runtime/src/main/java/org/apache/flink/runtime/taskexecutor/TaskExecutor.java
java_long_parameter_list_016,java,long_parameter_list,java\long_parameter_list\java_long_parameter_list_016.java,rule:param_count,git@github.com:apache/maven-indexer.git@8fcb8551345c78871a6adbc0f7238ccd408178d3:/indexer-core/src/main/java/org/apache/maven/index/context/DefaultIndexingContext.java
java_long_parameter_list_017,java,long_parameter_list,java\long_parameter_list\java_long_parameter_list_017.java,rule:param_count,git@github.com:aws/aws-sdk-java-v2.git@1d5d11e8087c93ab1a3a2d35193052e526fd123c:/codegen/src/main/java/software/amazon/awssdk/codegen/model/intermediate/IntermediateModel.java
java_long_parameter_list_018,java,long_parameter_list,java\long_parameter_list\java_long_parameter_list_018.java,rule:param_count,git@github.com:eclipse/reddeer.git@59e55d29fc60a672d79df1ad1578badb8a2f8693:/plugins/org.eclipse.reddeer.core/src/org/eclipse/reddeer/core/handler/TreeItemHandler.java
java_long_parameter_list_019,java,long_parameter_list,java\long_parameter_list\java_long_parameter_list_019.java,rule:param_count,git@github.com:facebook/litho.git@19503b819b97e17d02f584633508dca8c646911a:/litho-sections-core/src/main/java/com/facebook/litho/sections/ChangeSet.java
java_long_parameter_list_020,java,long_parameter_list,java\long_parameter_list\java_long_parameter_list_020.java,rule:param_count,git@github.com:google/binnavi.git@8e0aef41402db6c6ecb2a26bb943bbbc5fd989b2:/src/main/java/com/google/security/zynamics/reil/translators/x86/Helpers.java
java_long_parameter_list_021,java,long_parameter_list,java\long_parameter_list\java_long_parameter_list_021.java,rule:param_count,git@github.com:google/sagetv.git@a35e3a450b4c0134cb097b9e7de76dca08eb6654:/java/sage/miniclient/QuartzGFXCMD.java
java_long_parameter_list_022,java,long_parameter_list,java\long_parameter_list\java_long_parameter_list_022.java,rule:param_count,git@github.com:linkedin/rest.li.git@ad74aa98da8a55ad9c339d0769a3e8fb495765af:/restli-client/src/main/java/com/linkedin/restli/client/OptionsRequest.java
java_long_parameter_list_023,java,long_parameter_list,java\long_parameter_list\java_long_parameter_list_023.java,rule:param_count,git@github.com:oracle/opengrok.git@bd2770a04a3eda7af19fae482d880d56cce0eeb9:/opengrok-indexer/src/main/java/org/opengrok/indexer/analysis/CtagsReader.java
java_long_parameter_list_024,java,long_parameter_list,java\long_parameter_list\java_long_parameter_list_024.java,rule:param_count,git@github.com:oracle/visualvm.git@d9b10575b53d535e10c6e8c41831ebe38483c65b:/visualvm/libs.profiler/profiler.snaptracer/src/org/graalvm/visualvm/lib/profiler/snaptracer/impl/timeline/DiscreteXYPainter.java
java_long_parameter_list_025,java,long_parameter_list,java\long_parameter_list\java_long_parameter_list_025.java,rule:param_count,git@github.com:oracle/graal.git@4deb681aaaa79c248115037fc8e399c9876619fd:/compiler/src/org.graalvm.compiler.hotspot.aarch64/src/org/graalvm/compiler/hotspot/aarch64/AArch64HotSpotLIRGenerator.java
java_long_parameter_list_026,java,long_parameter_list,java\long_parameter_list\java_long_parameter_list_026.java,rule:param_count,git@github.com:apache/hbase.git@44f8abd5c65c59e9d09f6ad14b3c825f145d8e4f:/hbase-thrift/src/main/java/org/apache/hadoop/hbase/thrift/generated/Hbase.java
java_long_parameter_list_027,java,long_parameter_list,java\long_parameter_list\java_long_parameter_list_027.java,rule:param_count,git@github.com:apache/ignite.git@7a7c407ea41477aae8508bfe871b4e9a67e1b277:/modules/hadoop/src/main/java/org/apache/ignite/internal/processors/hadoop/shuffle/HadoopShuffleJob.java
java_long_parameter_list_028,java,long_parameter_list,java\long_parameter_list\java_long_parameter_list_028.java,rule:param_count,git@github.com:apache/hadoop-common.git@42a61a4fbc88303913c4681f0d40ffcc737e70b5:/hadoop-yarn-project/hadoop-yarn/hadoop-yarn-server/hadoop-yarn-server-nodemanager/src/main/java/org/apache/hadoop/yarn/server/nodemanager/containermanager/monitor/ContainersMonitorImpl.java
java_long_parameter_list_029,java,long_parameter_list,java\long_parameter_list\java_long_parameter_list_029.java,rule:param_count,git@github.com:apache/hadoop-common.git@42a61a4fbc88303913c4681f0d40ffcc737e70b5:/hadoop-common-project/hadoop-common/src/main/java/org/apache/hadoop/fs/ChecksumFileSystem.java
java_long_parameter_list_030,java,long_parameter_list,java\long_parameter_list\java_long_parameter_list_030.java,rule:param_count,git@github.com:apache/airavata.git@391843a00eefa7b6213e845f2f044b4e042894d5:/modules/sharing-registry/sharing-registry-stubs/src/main/java/org/apache/airavata/sharing/registry/service/cpi/SharingRegistryService.java
java_long_parameter_list_031,java,long_parameter_list,java\long_parameter_list\java_long_parameter_list_031.java,rule:param_count,git@github.com:apache/airavata.git@391843a00eefa7b6213e845f2f044b4e042894d5:/airavata-api/airavata-api-stubs/src/main/java/org/apache/airavata/api/Airavata.java
java_long_parameter_list_032,java,long_parameter_list,java\long_parameter_list\java_long_parameter_list_032.java,rule:param_count,git@github.com:apache/hive.git@2fa22bf360898dc8fd1408bfcc96e1c6aeaf9a53:/llap-server/src/java/org/apache/hadoop/hive/llap/io/encoded/OrcEncodedDataReader.java
java_long_parameter_list_033,java,long_parameter_list,java\long_parameter_list\java_long_parameter_list_033.java,rule:param_count,git@github.com:apache/hive.git@2fa22bf360898dc8fd1408bfcc96e1c6aeaf9a53:/standalone-metastore/metastore-common/src/gen/thrift/gen-javabean/org/apache/hadoop/hive/metastore/api/ThriftHiveMetastore.java
java_long_parameter_list_034,java,long_parameter_list,java\long_parameter_list\java_long_parameter_list_034.java,rule:param_count,git@github.com:apache/hive.git@2fa22bf360898dc8fd1408bfcc96e1c6aeaf9a53:/ql/src/java/org/apache/hadoop/hive/ql/metadata/formatting/JsonMetaDataFormatter.java
java_long_parameter_list_035,java,long_parameter_list,java\long_parameter_list\java_long_parameter_list_035.java,rule:param_count,git@github.com:apache/lucene-solr.git@bca22d58e2d126ec6d349d375d3ea028892104e1:/solr/core/src/java/org/apache/solr/util/SolrCLI.java
java_long_parameter_list_036,java,long_parameter_list,java\long_parameter_list\java_long_parameter_list_036.java,rule:param_count,git@github.com:oracle/fastr.git@a1ee49060317621c0c9eceea8ec60040aca59b2d:/com.oracle.truffle.r.nodes.builtin/src/com/oracle/truffle/r/nodes/builtin/fastr/FastRTrace.java
java_long_parameter_list_037,java,long_parameter_list,java\long_parameter_list\java_long_parameter_list_037.java,rule:param_count,git@github.com:eclipse/birt.git@f89264810347de98702db45386a822aabc0fadbf:/engine/org.eclipse.birt.report.engine.emitter.postscript/src/org/eclipse/birt/report/engine/emitter/postscript/PostscriptWriter.java
java_long_parameter_list_038,java,long_parameter_list,java\long_parameter_list\java_long_parameter_list_038.java,rule:param_count,git@github.com:eclipse/birt.git@f89264810347de98702db45386a822aabc0fadbf:/engine/org.eclipse.birt.report.engine.emitter.wpml/src/org/eclipse/birt/report/engine/emitter/wpml/writer/DocWriter.java
java_long_parameter_list_039,java,long_parameter_list,java\long_parameter_list\java_long_parameter_list_039.java,rule:param_count,git@github.com:SAP/SapMachine.git@6e62561730c46dc5000c39665c43951832192ceb:/src/java.xml/share/classes/com/sun/org/apache/xalan/internal/xsltc/dom/SAXImpl.java
java_long_parameter_list_040,java,long_parameter_list,java\long_parameter_list\java_long_parameter_list_040.java,rule:param_count,git@github.com:SAP/SapMachine.git@6e62561730c46dc5000c39665c43951832192ceb:/src/java.desktop/unix/classes/sun/java2d/xr/XRCompositeManager.java
java_long_parameter_list_041,java,long_parameter_list,java\long_parameter_list\java_long_parameter_list_041.java,rule:param_count,git@github.com:SAP/SapMachine.git@6e62561730c46dc5000c39665c43951832192ceb:/src/jdk.compiler/share/classes/com/sun/tools/javac/tree/TreeMaker.java
java_long_parameter_list_042,java,long_parameter_list,java\long_parameter_list\java_long_parameter_list_042.java,rule:param_count,git@github.com:apache/hadoop.git@128dd91e10080bdcbcd7d555fa3c4105e55a6b51:/hadoop-mapreduce-project/hadoop-mapreduce-client/hadoop-mapreduce-client-core/src/main/java/org/apache/hadoop/mapreduce/task/ReduceContextImpl.java
java_non_smells_001,java,non_smells,java\non_smells\java_non_smells_001.java,mlcq,git@github.com:alibaba/atlas.git@e8c7b3f1ff14b2a1df64321c6992b796cae7d732:/atlas-gradle-plugin/dexpatch/src/main/java/com/taobao/android/dex/Leb128.java:26-161
java_non_smells_002,java,non_smells,java\non_smells\java_non_smells_002.java,mlcq,git@github.com:apache/activemq-artemis.git@5bd5c610195d6f4a3dd1ac28170727003f8a5a54:/artemis-server/src/main/java/org/apache/activemq/artemis/core/server/cluster/ClusterControl.java:48-210
java_non_smells_003,java,non_smells,java\non_smells\java_non_smells_003.java,mlcq,git@github.com:apache/accumulo.git@f896c98c2356a52dfa2235d2cc02ae556ab17909:/proxy/src/main/java/org/apache/accumulo/proxy/thrift/AccumuloProxy.java:51667-51671
java_non_smells_004,java,non_smells,java\non_smells\java_non_smells_004.java,mlcq,git@github.com:apache/aries.git@52293d20268de7c98833846ded2b70d6476773de:/jndi/jndi-url/src/main/java/org/apache/aries/jndi/url/AbstractName.java:28-84
java_non_smells_005,java,non_smells,java\non_smells\java_non_smells_005.java,mlcq,git@github.com:apache/calcite.git@a648f9c12309cc253628930b0cab98591caa66ab:/elasticsearch/src/main/java/org/apache/calcite/adapter/elasticsearch/ElasticsearchJson.java:390-447
java_non_smells_006,java,non_smells,java\non_smells\java_non_smells_006.java,mlcq,git@github.com:apache/chukwa.git@65f6972859115a4ddad6def06475465f0971e9ae:/src/main/java/org/apache/hadoop/chukwa/analysis/salsa/fsm/FSMIntermedEntryPartitioner.java:25-39
java_non_smells_007,java,non_smells,java\non_smells\java_non_smells_007.java,mlcq,git@github.com:apache/cayenne.git@5be5235ed1c02589b6300e9729cf3c308c0173e8:/cayenne-server/src/main/java/org/apache/cayenne/reflect/IdMapKeyAccessor.java:33-65
java_non_smells_008,java,non_smells,java\non_smells\java_non_smells_008.java,mlcq,git@github.com:apache/cassandra.git@e191aff385053bdb5325f15bc6d16d2dc0ee0589:/src/java/org/apache/cassandra/hadoop/cql3/CqlOutputFormat.java:55-143
java_non_smells_009,java,non_smells,java\non_smells\java_non_smells_009.java,mlcq,git@github.com:apache/commons-collections.git@bb0781551c7f1d7ddd28733acff95e1f130e766c:/src/main/java/org/apache/commons/collections4/PredicateUtils.java:303-306
java_non_smells_010,java,non_smells,java\non_smells\java_non_smells_010.java,mlcq,git@github.com:apache/commons-math.git@f3719d89ab6a928e8618bbe6a7da8214d9d6eb07:/src/main/java/org/apache/commons/math4/stat/descriptive/moment/SecondMoment.java:48-132
java_non_smells_011,java,non_smells,java\non_smells\java_non_smells_011.java,mlcq,git@github.com:apache/hadoop-mapreduce.git@307cb5b316e10defdbbc228d8cdcdb627191ea15:/src/java/org/apache/hadoop/mapred/JobInProgress.java:1586-1597
java_non_smells_012,java,non_smells,java\non_smells\java_non_smells_012.java,mlcq,git@github.com:apache/incubator-heron.git@17f1b06fffed0c242b181b3e945c7e6a31478751:/heron/instance/src/java/org/apache/heron/network/StreamManagerClient.java:78-102
java_non_smells_013,java,non_smells,java\non_smells\java_non_smells_013.java,mlcq,git@github.com:apache/isis.git@2af2ef3e2edcb807d742f089839e0571d8132bd9:/core/metamodel/src/main/java/org/apache/isis/core/metamodel/facets/fallback/DescribedAsFacetNone.java:28-39
java_non_smells_014,java,non_smells,java\non_smells\java_non_smells_014.java,mlcq,git@github.com:apache/marmotta.git@28c9b8b0791ea1693578af302981a1358e56933d:/platform/marmotta-core/src/main/java/org/apache/marmotta/platform/core/logging/SystemLoggingModule.java:32-87
java_non_smells_015,java,non_smells,java\non_smells\java_non_smells_015.java,mlcq,git@github.com:apache/meecrowave.git@d1392c88faf48c8a3a3c544949d6ebcdfbd25229:/meecrowave-oauth2/src/main/java/org/apache/meecrowave/oauth2/resource/OAuth2TokenService.java:41-80
java_non_smells_016,java,non_smells,java\non_smells\java_non_smells_016.java,mlcq,git@github.com:apache/opennlp-sandbox.git@37af4c6d42a9affba4f7c9bbc64175768750563f:/corpus-server-tools/src/main/java/org/apache/opennlp/corpus_server/tools/RemoveCAS.java:29-49
java_non_smells_017,java,non_smells,java\non_smells\java_non_smells_017.java,mlcq,git@github.com:apache/ranger.git@7c52a79a5d0b41bfc94caca9d531e0fefba2bfe7:/kms/src/main/java/org/apache/hadoop/crypto/key/RangerKeyStore.java:693-714
java_non_smells_018,java,non_smells,java\non_smells\java_non_smells_018.java,mlcq,git@github.com:apache/royale-compiler.git@fbd9bc3b9e48c80dbd8c1d32a6f83221e314efdd:/flex-compiler-oem/src/main/java/flex2/compiler/common/CompilerConfiguration.java:426-435
java_non_smells_019,java,non_smells,java\non_smells\java_non_smells_019.java,mlcq,git@github.com:apache/xalan-j.git@cba6d7fe7e93defecb98d155e2a780f8a3f1fbaa:/src/org/apache/xml/dtm/ref/DTMNodeProxy.java:967-970
java_non_smells_020,java,non_smells,java\non_smells\java_non_smells_020.java,mlcq,git@github.com:cloudfoundry/cf-java-client.git@6fabcf647302158b638cf2c44cee389e1df9b964:/cloudfoundry-operations/src/main/java/org/cloudfoundry/operations/applications/WordListRandomWords.java:28-67
java_non_smells_021,java,non_smells,java\non_smells\java_non_smells_021.java,mlcq,git@github.com:eclipse/kura.git@5e9f3e3d03c8a9cc7857b3fb9080b256821bb32a:/kura/org.eclipse.kura.api/src/main/java/org/eclipse/kura/bluetooth/le/beacon/AdvertisingReportRecord.java:30-32
java_non_smells_022,java,non_smells,java\non_smells\java_non_smells_022.java,mlcq,git@github.com:eclipse/triquetrum.git@e4c5834ce3d68bd97820157d426a427dfe8e2a9b:/plugins/extras/org.eclipse.triquetrum.scisoft.analysis.rpc/src/main/java/org/eclipse/triquetrum/scisoft/analysis/rpc/AnalysisRpcRemoteException.java:46-52
java_non_smells_023,java,non_smells,java\non_smells\java_non_smells_023.java,mlcq,git@github.com:google/j2cl.git@f233ebf547cce390cf87ce346ed82e0512f4fbe1:/transpiler/javatests/com/google/j2cl/transpiler/integration/allsimplebridges/Tester929.java:20-35
java_non_smells_024,java,non_smells,java\non_smells\java_non_smells_024.java,mlcq,git@github.com:google/volley.git@95a6796c40f570a723a73d9360dddbd0994ed1d4:/src/main/java/com/android/volley/TimeoutError.java:20-21
java_non_smells_025,java,non_smells,java\non_smells\java_non_smells_025.java,mlcq,git@github.com:linkedin/rest.li.git@ad74aa98da8a55ad9c339d0769a3e8fb495765af:/restli-client/src/main/java/com/linkedin/restli/client/base/BatchDeleteRequestBuilderBase.java:92-97
java_non_smells_026,java,non_smells,java\non_smells\java_non_smells_026.java,mlcq,git@github.com:oracle/oci-java-sdk.git@76e9cecd7b309d9f12e5efe96c74167c66a98872:/bmc-core/src/main/java/com/oracle/bmc/core/responses/ListBootVolumeAttachmentsResponse.java:33-45
java_non_smells_027,java,non_smells,java\non_smells\java_non_smells_027.java,mlcq,git@github.com:oracle/visualvm.git@d9b10575b53d535e10c6e8c41831ebe38483c65b:/visualvm/libs.profiler/lib.profiler.charts/src/org/graalvm/visualvm/lib/charts/xy/synchronous/SynchronousXYItemMarker.java:239-249
java_non_smells_028,java,non_smells,java\non_smells\java_non_smells_028.java,mlcq,git@github.com:Microsoft/team-explorer-everywhere.git@89ab2a4847aec8ec2afdf36c3f6287dd03bd558d:/source/com.microsoft.tfs.core/src/com/microsoft/tfs/core/clients/build/internal/soapextensions/BuildController.java:317-325
java_non_smells_029,java,non_smells,java\non_smells\java_non_smells_029.java,mlcq,git@github.com:oracle/graal.git@4deb681aaaa79c248115037fc8e399c9876619fd:/compiler/src/org.graalvm.compiler.graph/src/org/graalvm/compiler/graph/NodeList.java:129-132
java_non_smells_030,java,non_smells,java\non_smells\java_non_smells_030.java,mlcq,git@github.com:spring-projects/spring-data-geode.git@5dc269da02933c9e9031f38ff1b27b8b1ee7c31b:/src/main/java/org/springframework/data/gemfire/config/xml/GatewayReceiverParser.java:34-65
java_non_smells_031,java,non_smells,java\non_smells\java_non_smells_031.java,mlcq,git@github.com:oracle/graal.git@4deb681aaaa79c248115037fc8e399c9876619fd:/sulong/projects/com.oracle.truffle.llvm.runtime/src/com/oracle/truffle/llvm/runtime/debug/value/LLVMDebugObject.java:449-460
java_non_smells_032,java,non_smells,java\non_smells\java_non_smells_032.java,mlcq,git@github.com:spring-projects/spring-integration.git@872302de6e98c1fd34e3192d8e4de244008ca857:/spring-integration-core/src/main/java/org/springframework/integration/router/AbstractMappingMessageRouter.java:158-164
java_non_smells_033,java,non_smells,java\non_smells\java_non_smells_033.java,mlcq,git@github.com:spring-projects/spring-integration.git@872302de6e98c1fd34e3192d8e4de244008ca857:/spring-integration-ws/src/main/java/org/springframework/integration/ws/config/WebServiceOutboundGatewayParser.java:47-51
java_non_smells_034,java,non_smells,java\non_smells\java_non_smells_034.java,mlcq,git@github.com:spring-projects/spring-framework.git@3a0f309e2c9fdbbf7fb2d348be861528177f8555:/spring-context/src/main/java/org/springframework/jmx/export/assembler/MetadataMBeanInfoAssembler.java:158-162
java_non_smells_035,java,non_smells,java\non_smells\java_non_smells_035.java,mlcq,git@github.com:apache/incubator-brooklyn.git@337a5d22d5e9c98cc96ea1085383cbed1ee0b741:/brooklyn-server/camp/camp-server/src/main/java/org/apache/brooklyn/camp/server/dto/ApplicationComponentDto.java:52-55
java_non_smells_036,java,non_smells,java\non_smells\java_non_smells_036.java,mlcq,git@github.com:eclipse/xtext-eclipse.git@0c7546b6aaf3644a77fc68eef9f3da368cbbeabd:/org.eclipse.xtext.ui.tests/src-gen/org/eclipse/xtext/ui/tests/linking/importUriUi/impl/ImportImpl.java:100-109
java_non_smells_037,java,non_smells,java\non_smells\java_non_smells_037.java,mlcq,git@github.com:eclipse/org.aspectj.git@370f291c359cd159c5f3f0abd6e9e53e81234a07:/ajbrowser/src/main/java/org/aspectj/tools/ajbrowser/ui/BasicEditor.java:76-82
java_non_smells_038,java,non_smells,java\non_smells\java_non_smells_038.java,mlcq,git@github.com:apache/camel.git@8a85a70643c4d6eec2d3abddeea44ecb06c2f486:/components/camel-http-common/src/main/java/org/apache/camel/http/common/HttpRestHeaderFilterStrategy.java:21-56
java_non_smells_039,java,non_smells,java\non_smells\java_non_smells_039.java,mlcq,git@github.com:apache/lucene-solr.git@bca22d58e2d126ec6d349d375d3ea028892104e1:/lucene/core/src/java/org/apache/lucene/document/IntRange.java:43-266
java_non_smells_040,java,non_smells,java\non_smells\java_non_smells_040.java,mlcq,git@github.com:eclipse/birt.git@f89264810347de98702db45386a822aabc0fadbf:/data/org.eclipse.birt.data/src/org/eclipse/birt/data/engine/olap/data/impl/facttable/FTAggregationHelper.java:63-82
java_non_smells_041,java,non_smells,java\non_smells\java_non_smells_041.java,mlcq,git@github.com:SAP/SapMachine.git@6e62561730c46dc5000c39665c43951832192ceb:/src/java.base/share/classes/sun/security/ssl/SupportedGroupsExtension.java:904-975
java_non_smells_042,java,non_smells,java\non_smells\java_non_smells_042.java,mlcq,git@github.com:apache/hadoop.git@128dd91e10080bdcbcd7d555fa3c4105e55a6b51:/hadoop-yarn-project/hadoop-yarn/hadoop-yarn-applications/hadoop-yarn-services/hadoop-yarn-services-core/src/main/java/org/apache/hadoop/yarn/service/impl/pb/client/ClientAMProtocolPBClientImpl.java:138-147
python_data_class_001,python,data_class,python\data_class\python_data_class_001.py,manual:both_agree,click\src\click\exceptions.py:257-271
python_data_class_002,python,data_class,python\data_class\python_data_class_002.py,manual:both_agree,click\src\click\parser.py:245-250
python_data_class_003,python,data_class,python\data_class\python_data_class_003.py,manual:both_agree,django\django\contrib\admin\helpers.py:102-130
python_data_class_004,python,data_class,python\data_class\python_data_class_004.py,manual:both_agree,django\django\contrib\admin\helpers.py:530-541
python_data_class_005,python,data_class,python\data_class\python_data_class_005.py,manual:both_agree,django\django\core\cache\backends\db.py:12-28
python_data_class_006,python,data_class,python\data_class\python_data_class_006.py,manual:both_agree,django\django\core\serializers\xml_serializer.py:456-467
python_data_class_007,python,data_class,python\data_class\python_data_class_007.py,manual:both_agree,django\django\core\serializers\xml_serializer.py:470-484
python_data_class_008,python,data_class,python\data_class\python_data_class_008.py,manual:both_agree,django\django\db\migrations\exceptions.py:40-52
python_data_class_009,python,data_class,python\data_class\python_data_class_009.py,manual:both_agree,django\django\db\models\sql\subqueries.py:142-158
python_data_class_010,python,data_class,python\data_class\python_data_class_010.py,manual:both_agree,django\django\forms\models.py:246-257
python_data_class_011,python,data_class,python\data_class\python_data_class_011.py,manual:both_agree,django\django\template\exceptions.py:9-36
python_data_class_012,python,data_class,python\data_class\python_data_class_012.py,manual:both_agree,django\django\utils\feedgenerator.py:215-221
python_data_class_013,python,data_class,python\data_class\python_data_class_013.py,manual:both_agree,django\django\utils\jslex.py:6-18
python_data_class_014,python,data_class,python\data_class\python_data_class_014.py,manual:both_agree,scikit-learn\doc\tutorial\machine_learning_map\pyparsing.py:2345-2353
python_data_class_015,python,data_class,python\data_class\python_data_class_015.py,manual:both_agree,scikit-learn\doc\tutorial\machine_learning_map\pyparsing.py:3070-3075
python_data_class_016,python,data_class,python\data_class\python_data_class_016.py,manual:both_agree,scikit-learn\sklearn\_loss\link.py:17-56
python_data_class_017,python,data_class,python\data_class\python_data_class_017.py,manual:both_agree,scikit-learn\sklearn\exceptions.py:159-191
python_data_class_018,python,data_class,python\data_class\python_data_class_018.py,manual:both_agree,scikit-learn\sklearn\inspection\_plot\decision_boundary.py:64-406
python_data_class_019,python,data_class,python\data_class\python_data_class_019.py,manual:both_agree,scikit-learn\sklearn\tree\_reingold_tilford.py:181-188
python_data_class_020,python,data_class,python\data_class\python_data_class_020.py,manual:both_agree,scikit-learn\sklearn\utils\_estimator_html_repr.py:34-79
python_data_class_021,python,data_class,python\data_class\python_data_class_021.py,manual:both_agree,scikit-learn\sklearn\utils\_testing.py:1103-1114
python_data_class_022,python,data_class,python\data_class\python_data_class_022.py,manual:both_agree,scrapy\scrapy\core\http2\stream.py:38-47
python_data_class_023,python,data_class,python\data_class\python_data_class_023.py,manual:both_agree,scrapy\scrapy\pipelines\media.py:28-33
python_data_class_024,python,data_class,python\data_class\python_data_class_024.py,manual:both_agree,scrapy\scrapy\spiders\crawl.py:36-59
python_feature_envy_001,python,feature_envy,python\feature_envy\python_feature_envy_001.py,manual:both_agree,django\django\contrib\contenttypes\admin.py:21-88
python_feature_envy_002,python,feature_envy,python\feature_envy\python_feature_envy_002.py,manual:both_agree,django\django\contrib\contenttypes\management\__init__.py:12-37
python_feature_envy_003,python,feature_envy,python\feature_envy\python_feature_envy_003.py,manual:both_agree,django\django\contrib\postgres\operations.py:21-41
python_feature_envy_004,python,feature_envy,python\feature_envy\python_feature_envy_004.py,manual:both_agree,django\django\contrib\sessions\middleware.py:22-77
python_feature_envy_005,python,feature_envy,python\feature_envy\python_feature_envy_005.py,manual:both_agree,django\django\core\serializers\xml_serializer.py:215-290
python_feature_envy_006,python,feature_envy,python\feature_envy\python_feature_envy_006.py,manual:both_agree,django\django\core\serializers\xml_serializer.py:292-331
python_feature_envy_007,python,feature_envy,python\feature_envy\python_feature_envy_007.py,manual:both_agree,django\django\core\serializers\xml_serializer.py:333-371
python_feature_envy_008,python,feature_envy,python\feature_envy\python_feature_envy_008.py,manual:both_agree,django\django\db\backends\postgresql\introspection.py:81-127
python_feature_envy_009,python,feature_envy,python\feature_envy\python_feature_envy_009.py,manual:both_agree,django\django\db\migrations\operations\models.py:435-481
python_feature_envy_010,python,feature_envy,python\feature_envy\python_feature_envy_010.py,manual:both_agree,django\django\db\migrations\operations\models.py:555-573
python_feature_envy_011,python,feature_envy,python\feature_envy\python_feature_envy_011.py,manual:both_agree,django\django\db\migrations\operations\models.py:739-763
python_feature_envy_012,python,feature_envy,python\feature_envy\python_feature_envy_012.py,manual:both_agree,django\django\db\models\fields\__init__.py:2014-2046
python_feature_envy_013,python,feature_envy,python\feature_envy\python_feature_envy_013.py,manual:both_agree,django\django\db\models\fields\json.py:481-506
python_feature_envy_014,python,feature_envy,python\feature_envy\python_feature_envy_014.py,manual:both_agree,django\django\db\models\fields\json.py:510-532
python_feature_envy_015,python,feature_envy,python\feature_envy\python_feature_envy_015.py,manual:both_agree,django\django\utils\feedgenerator.py:285-338
python_feature_envy_016,python,feature_envy,python\feature_envy\python_feature_envy_016.py,manual:both_agree,django\django\utils\feedgenerator.py:392-442
python_feature_envy_017,python,feature_envy,python\feature_envy\python_feature_envy_017.py,manual:both_agree,flask\src\flask\debughelpers.py:57-78
python_feature_envy_018,python,feature_envy,python\feature_envy\python_feature_envy_018.py,manual:both_agree,flask\src\flask\testing.py:136-183
python_feature_envy_019,python,feature_envy,python\feature_envy\python_feature_envy_019.py,manual:both_agree,flask\src\flask\testing.py:48-86
python_feature_envy_020,python,feature_envy,python\feature_envy\python_feature_envy_020.py,manual:both_agree,requests\requests\sessions.py:334-354
python_feature_envy_021,python,feature_envy,python\feature_envy\python_feature_envy_021.py,manual:both_agree,scikit-learn\examples\applications\svm_gui.py:124-131
python_feature_envy_022,python,feature_envy,python\feature_envy\python_feature_envy_022.py,manual:both_agree,scikit-learn\examples\applications\svm_gui.py:271-350
python_feature_envy_023,python,feature_envy,python\feature_envy\python_feature_envy_023.py,manual:both_agree,scikit-learn\sklearn\tree\_export.py:262-286
python_feature_envy_024,python,feature_envy,python\feature_envy\python_feature_envy_024.py,manual:both_agree,scikit-learn\sklearn\tree\_export.py:288-399
python_feature_envy_025,python,feature_envy,python\feature_envy\python_feature_envy_025.py,manual:both_agree,scrapy\scrapy\commands\settings.py:47-62
python_feature_envy_026,python,feature_envy,python\feature_envy\python_feature_envy_026.py,manual:both_agree,scrapy\scrapy\contracts\__init__.py:158-178
python_feature_envy_027,python,feature_envy,python\feature_envy\python_feature_envy_027.py,manual:both_agree,scrapy\scrapy\core\downloader\__init__.py:162-188
python_feature_envy_028,python,feature_envy,python\feature_envy\python_feature_envy_028.py,manual:both_agree,scrapy\scrapy\core\downloader\handlers\ftp.py:107-113
python_feature_envy_029,python,feature_envy,python\feature_envy\python_feature_envy_029.py,manual:both_agree,scrapy\scrapy\downloadermiddlewares\httpcache.py:52-59
python_feature_envy_030,python,feature_envy,python\feature_envy\python_feature_envy_030.py,manual:both_agree,scrapy\scrapy\downloadermiddlewares\httpcompression.py:52-69
python_feature_envy_031,python,feature_envy,python\feature_envy\python_feature_envy_031.py,manual:both_agree,scrapy\scrapy\downloadermiddlewares\httpproxy.py:64-83
python_feature_envy_032,python,feature_envy,python\feature_envy\python_feature_envy_032.py,manual:both_agree,scrapy\scrapy\downloadermiddlewares\offsite.py:14-18
python_feature_envy_033,python,feature_envy,python\feature_envy\python_feature_envy_033.py,manual:both_agree,scrapy\scrapy\downloadermiddlewares\offsite.py:51-77
python_feature_envy_034,python,feature_envy,python\feature_envy\python_feature_envy_034.py,manual:both_agree,scrapy\scrapy\downloadermiddlewares\redirect.py:80-106
python_feature_envy_035,python,feature_envy,python\feature_envy\python_feature_envy_035.py,manual:both_agree,scrapy\scrapy\extensions\corestats.py:15-22
python_feature_envy_036,python,feature_envy,python\feature_envy\python_feature_envy_036.py,manual:both_agree,scrapy\scrapy\extensions\logstats.py:21-28
python_feature_envy_037,python,feature_envy,python\feature_envy\python_feature_envy_037.py,manual:both_agree,scrapy\scrapy\extensions\periodic_log.py:38-73
python_feature_envy_038,python,feature_envy,python\feature_envy\python_feature_envy_038.py,manual:both_agree,scrapy\scrapy\extensions\spiderstate.py:16-24
python_feature_envy_039,python,feature_envy,python\feature_envy\python_feature_envy_039.py,manual:both_agree,scrapy\scrapy\spidermiddlewares\offsite.py:65-91
python_god_class_001,python,god_class,python\god_class\python_god_class_001.py,manual:both_agree,click\src\click\core.py:160-831
python_god_class_002,python,god_class,python\god_class\python_god_class_002.py,manual:both_agree,django\django\apps\registry.py:13-433
python_god_class_003,python,god_class,python\god_class\python_god_class_003.py,manual:both_agree,django\django\contrib\admin\options.py:117-611
python_god_class_004,python,god_class,python\god_class\python_god_class_004.py,manual:both_agree,django\django\contrib\admin\options.py:614-2282
python_god_class_005,python,god_class,python\god_class\python_god_class_005.py,manual:both_agree,django\django\contrib\admin\sites.py:37-590
python_god_class_006,python,god_class,python\god_class\python_god_class_006.py,manual:both_agree,django\django\contrib\admin\views\main.py:54-585
python_god_class_007,python,god_class,python\god_class\python_god_class_007.py,manual:both_agree,django\django\contrib\gis\db\backends\postgis\operations.py:115-423
python_god_class_008,python,god_class,python\god_class\python_god_class_008.py,manual:both_agree,django\django\contrib\gis\gdal\geometries.py:60-520
python_god_class_009,python,god_class,python\god_class\python_god_class_009.py,manual:both_agree,django\django\contrib\sessions\backends\base.py:33-365
python_god_class_010,python,god_class,python\god_class\python_god_class_010.py,manual:both_agree,django\django\db\backends\base\base.py:44-802
python_god_class_011,python,god_class,python\god_class\python_god_class_011.py,manual:both_agree,django\django\db\backends\base\schema.py:75-1830
python_god_class_012,python,god_class,python\god_class\python_god_class_012.py,manual:both_agree,django\django\db\backends\oracle\operations.py:21-722
python_god_class_013,python,god_class,python\god_class\python_god_class_013.py,manual:both_agree,django\django\db\models\base.py:459-2477
python_god_class_014,python,god_class,python\god_class\python_god_class_014.py,manual:both_agree,django\django\db\models\expressions.py:169-477
python_god_class_015,python,god_class,python\god_class\python_god_class_015.py,manual:both_agree,django\django\db\models\fields\__init__.py:113-1088
python_god_class_016,python,god_class,python\god_class\python_god_class_016.py,manual:both_agree,django\django\db\models\fields\related.py:1301-1982
python_god_class_017,python,god_class,python\god_class\python_god_class_017.py,manual:both_agree,django\django\db\models\fields\related.py:513-887
python_god_class_018,python,god_class,python\god_class\python_god_class_018.py,manual:both_agree,django\django\db\models\fields\related.py:89-510
python_god_class_019,python,god_class,python\god_class\python_god_class_019.py,manual:both_agree,django\django\db\models\fields\related.py:899-1191
python_god_class_020,python,god_class,python\god_class\python_god_class_020.py,manual:both_agree,django\django\db\models\fields\related_descriptors.py:986-1504
python_god_class_021,python,god_class,python\god_class\python_god_class_021.py,manual:both_agree,django\django\db\models\fields\reverse_related.py:20-244
python_god_class_022,python,god_class,python\god_class\python_god_class_022.py,manual:both_agree,django\django\db\models\options.py:87-1014
python_god_class_023,python,god_class,python\god_class\python_god_class_023.py,manual:both_agree,django\django\db\models\query.py:291-1976
python_god_class_024,python,god_class,python\god_class\python_god_class_024.py,manual:both_agree,django\django\db\models\sql\query.py:158-2590
python_god_class_025,python,god_class,python\god_class\python_god_class_025.py,manual:both_agree,django\django\forms\boundfield.py:14-302
python_god_class_026,python,god_class,python\god_class\python_god_class_026.py,manual:both_agree,django\django\forms\forms.py:56-530
python_god_class_027,python,god_class,python\god_class\python_god_class_027.py,manual:both_agree,django\django\forms\formsets.py:54-531
python_god_class_028,python,god_class,python\god_class\python_god_class_028.py,manual:both_agree,django\django\http\request.py:51-423
python_god_class_029,python,god_class,python\god_class\python_god_class_029.py,manual:both_agree,django\django\urls\resolvers.py:456-828
python_god_class_030,python,god_class,python\god_class\python_god_class_030.py,manual:both_agree,flask\src\flask\app.py:79-1498
python_god_class_031,python,god_class,python\god_class\python_god_class_031.py,manual:both_agree,flask\src\flask\sansio\app.py:59-964
python_god_class_032,python,god_class,python\god_class\python_god_class_032.py,manual:both_agree,flask\src\flask\sansio\blueprints.py:119-632
python_god_class_033,python,god_class,python\god_class\python_god_class_033.py,manual:both_agree,flask\src\flask\sansio\scaffold.py:52-698
python_god_class_034,python,god_class,python\god_class\python_god_class_034.py,manual:both_agree,requests\requests\models.py:641-1034
python_god_class_035,python,god_class,python\god_class\python_god_class_035.py,manual:both_agree,requests\requests\sessions.py:357-818
python_god_class_036,python,god_class,python\god_class\python_god_class_036.py,manual:both_agree,scikit-learn\doc\tutorial\machine_learning_map\pyparsing.py:1075-2334
python_god_class_037,python,god_class,python\god_class\python_god_class_037.py,manual:both_agree,scikit-learn\sklearn\model_selection\_search.py:384-1161
python_god_class_038,python,god_class,python\god_class\python_god_class_038.py,manual:both_agree,scrapy\scrapy\commands\parse.py:24-354
python_god_class_039,python,god_class,python\god_class\python_god_class_039.py,manual:both_agree,scrapy\scrapy\core\http2\protocol.py:76-422
python_god_class_040,python,god_class,python\god_class\python_god_class_040.py,manual:both_agree,scrapy\scrapy\settings\__init__.py:88-526
python_long_method_001,python,long_method,python\long_method\python_long_method_001.py,rule,django\django\contrib\contenttypes\views.py:9
python_long_method_002,python,long_method,python\long_method\python_long_method_002.py,rule,scikit-learn\sklearn\multiclass.py:399
python_long_method_003,python,long_method,python\long_method\python_long_method_003.py,rule,scikit-learn\sklearn\multiclass.py:759
python_long_method_004,python,long_method,python\long_method\python_long_method_004.py,rule,scikit-learn\sklearn\multiclass.py:835
python_long_method_005,python,long_method,python\long_method\python_long_method_005.py,rule,scikit-learn\sklearn\multiclass.py:1148
python_long_method_006,python,long_method,python\long_method\python_long_method_006.py,rule,django\django\contrib\auth\management\commands\createsuperuser.py:90
python_long_method_007,python,long_method,python\long_method\python_long_method_007.py,rule,scikit-learn\sklearn\datasets\_kddcup99.py:246
python_long_method_008,python,long_method,python\long_method\python_long_method_008.py,rule,django\django\db\backends\sqlite3\_functions.py:40
python_long_method_009,python,long_method,python\long_method\python_long_method_009.py,rule,scikit-learn\sklearn\metrics\pairwise.py:72
python_long_method_010,python,long_method,python\long_method\python_long_method_010.py,rule,scikit-learn\sklearn\metrics\pairwise.py:405
python_long_method_011,python,long_method,python\long_method\python_long_method_011.py,rule,scikit-learn\sklearn\metrics\pairwise.py:816
python_long_method_012,python,long_method,python\long_method\python_long_method_012.py,rule,scikit-learn\sklearn\metrics\pairwise.py:1674
python_long_method_013,python,long_method,python\long_method\python_long_method_013.py,rule,scikit-learn\sklearn\metrics\pairwise.py:1985
python_long_method_014,python,long_method,python\long_method\python_long_method_014.py,rule,scikit-learn\sklearn\metrics\pairwise.py:2168
python_long_method_015,python,long_method,python\long_method\python_long_method_015.py,rule,django\tests\test_utils\tests.py:816
python_long_method_016,python,long_method,python\long_method\python_long_method_016.py,rule,django\tests\test_utils\tests.py:1878
python_long_method_017,python,long_method,python\long_method\python_long_method_017.py,rule,django\tests\model_forms\tests.py:1784
python_long_method_018,python,long_method,python\long_method\python_long_method_018.py,rule,django\tests\model_forms\tests.py:1923
python_long_method_019,python,long_method,python\long_method\python_long_method_019.py,rule,django\tests\model_forms\tests.py:3322
python_long_method_020,python,long_method,python\long_method\python_long_method_020.py,rule,scikit-learn\sklearn\ensemble\_hist_gradient_boosting\tests\test_grower.py:571
python_long_method_021,python,long_method,python\long_method\python_long_method_021.py,rule,django\django\contrib\admin\views\main.py:153
python_long_method_022,python,long_method,python\long_method\python_long_method_022.py,rule,django\django\contrib\admin\views\main.py:390
python_long_method_023,python,long_method,python\long_method\python_long_method_023.py,rule,scrapy\scrapy\core\downloader\middleware.py:35
python_long_method_024,python,long_method,python\long_method\python_long_method_024.py,rule,django\tests\runtests.py:199
python_long_method_025,python,long_method,python\long_method\python_long_method_025.py,rule,django\django\templatetags\i18n.py:458
python_long_method_026,python,long_method,python\long_method\python_long_method_026.py,rule,django\django\templatetags\i18n.py:148
python_long_method_027,python,long_method,python\long_method\python_long_method_027.py,rule,scikit-learn\sklearn\utils\tests\test_pprint.py:441
python_long_method_028,python,long_method,python\long_method\python_long_method_028.py,rule,django\tests\migrations\test_autodetector.py:1535
python_long_method_029,python,long_method,python\long_method\python_long_method_029.py,rule,django\tests\migrations\test_autodetector.py:1590
python_long_method_030,python,long_method,python\long_method\python_long_method_030.py,rule,django\tests\migrations\test_autodetector.py:1776
python_long_method_031,python,long_method,python\long_method\python_long_method_031.py,rule,django\tests\migrations\test_autodetector.py:1833
python_long_method_032,python,long_method,python\long_method\python_long_method_032.py,rule,django\tests\migrations\test_autodetector.py:2088
python_long_method_033,python,long_method,python\long_method\python_long_method_033.py,rule,django\tests\migrations\test_autodetector.py:2921
python_long_method_034,python,long_method,python\long_method\python_long_method_034.py,rule,django\tests\migrations\test_autodetector.py:4053
python_long_method_035,python,long_method,python\long_method\python_long_method_035.py,rule,django\tests\migrations\test_autodetector.py:4760
python_long_method_036,python,long_method,python\long_method\python_long_method_036.py,rule,django\tests\migrations\test_autodetector.py:5050
python_long_method_037,python,long_method,python\long_method\python_long_method_037.py,rule,scikit-learn\sklearn\gaussian_process\_gpr.py:222
python_long_method_038,python,long_method,python\long_method\python_long_method_038.py,rule,scikit-learn\sklearn\gaussian_process\_gpr.py:363
python_long_method_039,python,long_method,python\long_method\python_long_method_039.py,rule,scikit-learn\sklearn\gaussian_process\_gpr.py:537
python_long_method_040,python,long_method,python\long_method\python_long_method_040.py,rule,scikit-learn\sklearn\tree\tests\test_tree.py:1466
python_long_method_041,python,long_method,python\long_method\python_long_method_041.py,rule,scikit-learn\sklearn\tree\tests\test_tree.py:1651
python_long_method_042,python,long_method,python\long_method\python_long_method_042.py,rule,scikit-learn\sklearn\utils\tests\test_sparsefuncs.py:254
python_long_parameter_list_001,python,long_parameter_list,python\long_parameter_list\python_long_parameter_list_001.py,rule,scikit-learn\sklearn\datasets\_kddcup99.py:63
python_long_parameter_list_002,python,long_parameter_list,python\long_parameter_list\python_long_parameter_list_002.py,rule,scrapy\scrapy\http\response\__init__.py:41
python_long_parameter_list_003,python,long_parameter_list,python\long_parameter_list\python_long_parameter_list_003.py,rule,scrapy\scrapy\http\response\__init__.py:157
python_long_parameter_list_004,python,long_parameter_list,python\long_parameter_list\python_long_parameter_list_004.py,rule,scrapy\scrapy\http\response\__init__.py:208
python_long_parameter_list_005,python,long_parameter_list,python\long_parameter_list\python_long_parameter_list_005.py,rule,django\django\contrib\admin\views\main.py:57
python_long_parameter_list_006,python,long_parameter_list,python\long_parameter_list\python_long_parameter_list_006.py,rule,django\tests\runtests.py:368
python_long_parameter_list_007,python,long_parameter_list,python\long_parameter_list\python_long_parameter_list_007.py,rule,scikit-learn\sklearn\kernel_approximation.py:996
python_long_parameter_list_008,python,long_parameter_list,python\long_parameter_list\python_long_parameter_list_008.py,rule,django\django\templatetags\i18n.py:105
python_long_parameter_list_009,python,long_parameter_list,python\long_parameter_list\python_long_parameter_list_009.py,rule,scikit-learn\sklearn\utils\tests\test_pprint.py:20
python_long_parameter_list_010,python,long_parameter_list,python\long_parameter_list\python_long_parameter_list_010.py,rule,scikit-learn\sklearn\utils\tests\test_pprint.py:105
python_long_parameter_list_011,python,long_parameter_list,python\long_parameter_list\python_long_parameter_list_011.py,rule,scikit-learn\sklearn\utils\tests\test_pprint.py:205
python_long_parameter_list_012,python,long_parameter_list,python\long_parameter_list\python_long_parameter_list_012.py,rule,scikit-learn\sklearn\gaussian_process\_gpr.py:200
python_long_parameter_list_013,python,long_parameter_list,python\long_parameter_list\python_long_parameter_list_013.py,rule,scikit-learn\sklearn\externals\_scipy\sparse\csgraph\_laplacian.py:20
python_long_parameter_list_014,python,long_parameter_list,python\long_parameter_list\python_long_parameter_list_014.py,rule,scikit-learn\sklearn\utils\tests\test_sparsefuncs.py:777
python_long_parameter_list_015,python,long_parameter_list,python\long_parameter_list\python_long_parameter_list_015.py,rule,scikit-learn\sklearn\cluster\_mean_shift.py:137
python_long_parameter_list_016,python,long_parameter_list,python\long_parameter_list\python_long_parameter_list_016.py,rule,scikit-learn\sklearn\decomposition\_kernel_pca.py:278
python_long_parameter_list_017,python,long_parameter_list,python\long_parameter_list\python_long_parameter_list_017.py,rule,django\django\db\models\sql\query.py:1362
python_long_parameter_list_018,python,long_parameter_list,python\long_parameter_list\python_long_parameter_list_018.py,rule,django\django\db\models\sql\query.py:1557
python_long_parameter_list_019,python,long_parameter_list,python\long_parameter_list\python_long_parameter_list_019.py,rule,scikit-learn\sklearn\datasets\tests\test_openml.py:222
python_long_parameter_list_020,python,long_parameter_list,python\long_parameter_list\python_long_parameter_list_020.py,rule,scikit-learn\sklearn\datasets\tests\test_openml.py:931
python_long_parameter_list_021,python,long_parameter_list,python\long_parameter_list\python_long_parameter_list_021.py,rule,django\django\db\backends\base\schema.py:842
python_long_parameter_list_022,python,long_parameter_list,python\long_parameter_list\python_long_parameter_list_022.py,rule,django\django\db\backends\base\schema.py:1404
python_long_parameter_list_023,python,long_parameter_list,python\long_parameter_list\python_long_parameter_list_023.py,rule,django\django\db\backends\base\schema.py:1591
python_long_parameter_list_024,python,long_parameter_list,python\long_parameter_list\python_long_parameter_list_024.py,rule,django\django\db\backends\base\schema.py:1631
python_long_parameter_list_025,python,long_parameter_list,python\long_parameter_list\python_long_parameter_list_025.py,rule,scikit-learn\sklearn\linear_model\_ransac.py:276
python_long_parameter_list_026,python,long_parameter_list,python\long_parameter_list\python_long_parameter_list_026.py,rule,scikit-learn\sklearn\gaussian_process\_gpc.py:659
python_long_parameter_list_027,python,long_parameter_list,python\long_parameter_list\python_long_parameter_list_027.py,rule,scikit-learn\sklearn\utils\extmath.py:364
python_long_parameter_list_028,python,long_parameter_list,python\long_parameter_list\python_long_parameter_list_028.py,rule,scikit-learn\sklearn\neighbors\_classification.py:193
python_long_parameter_list_029,python,long_parameter_list,python\long_parameter_list\python_long_parameter_list_029.py,rule,scikit-learn\sklearn\neighbors\_classification.py:578
python_long_parameter_list_030,python,long_parameter_list,python\long_parameter_list\python_long_parameter_list_030.py,rule,scrapy\scrapy\utils\deprecate.py:20
python_long_parameter_list_031,python,long_parameter_list,python\long_parameter_list\python_long_parameter_list_031.py,rule,scikit-learn\sklearn\linear_model\_coordinate_descent.py:96
python_long_parameter_list_032,python,long_parameter_list,python\long_parameter_list\python_long_parameter_list_032.py,rule,scikit-learn\sklearn\linear_model\_coordinate_descent.py:205
python_long_parameter_list_033,python,long_parameter_list,python\long_parameter_list\python_long_parameter_list_033.py,rule,scikit-learn\sklearn\linear_model\_coordinate_descent.py:1316
python_long_parameter_list_034,python,long_parameter_list,python\long_parameter_list\python_long_parameter_list_034.py,rule,scikit-learn\sklearn\linear_model\_coordinate_descent.py:876
python_long_parameter_list_035,python,long_parameter_list,python\long_parameter_list\python_long_parameter_list_035.py,rule,scikit-learn\sklearn\linear_model\_coordinate_descent.py:1283
python_long_parameter_list_036,python,long_parameter_list,python\long_parameter_list\python_long_parameter_list_036.py,rule,scikit-learn\sklearn\linear_model\_coordinate_descent.py:1479
python_long_parameter_list_037,python,long_parameter_list,python\long_parameter_list\python_long_parameter_list_037.py,rule,scikit-learn\sklearn\linear_model\_coordinate_descent.py:2013
python_long_parameter_list_038,python,long_parameter_list,python\long_parameter_list\python_long_parameter_list_038.py,rule,scikit-learn\sklearn\linear_model\_coordinate_descent.py:2252
python_long_parameter_list_039,python,long_parameter_list,python\long_parameter_list\python_long_parameter_list_039.py,rule,scikit-learn\sklearn\linear_model\_coordinate_descent.py:2432
python_long_parameter_list_040,python,long_parameter_list,python\long_parameter_list\python_long_parameter_list_040.py,rule,scikit-learn\sklearn\linear_model\_coordinate_descent.py:3113
python_long_parameter_list_041,python,long_parameter_list,python\long_parameter_list\python_long_parameter_list_041.py,rule,scikit-learn\sklearn\manifold\_mds.py:22
python_long_parameter_list_042,python,long_parameter_list,python\long_parameter_list\python_long_parameter_list_042.py,rule,scikit-learn\sklearn\manifold\_mds.py:544
python_non_smells_001,python,non_smells,python\non_smells\python_non_smells_001.py,rule:clean,django\django\db\migrations\operations\special.py:6
python_non_smells_002,python,non_smells,python\non_smells\python_non_smells_002.py,rule:clean,django\django\template\context.py:133
python_non_smells_003,python,non_smells,python\non_smells\python_non_smells_003.py,rule:clean,django\django\template\context.py:171
python_non_smells_004,python,non_smells,python\non_smells\python_non_smells_004.py,rule:clean,scikit-learn\sklearn\multiclass.py:127
python_non_smells_005,python,non_smells,python\non_smells\python_non_smells_005.py,rule:clean,django\django\core\management\commands\sqlmigrate.py:7
python_non_smells_006,python,non_smells,python\non_smells\python_non_smells_006.py,rule:clean,django\django\contrib\gis\serializers\geojson.py:8
python_non_smells_007,python,non_smells,python\non_smells\python_non_smells_007.py,rule:clean,scrapy\scrapy\core\downloader\middleware.py:20
python_non_smells_008,python,non_smells,python\non_smells\python_non_smells_008.py,rule:clean,django\django\contrib\gis\forms\widgets.py:15
python_non_smells_009,python,non_smells,python\non_smells\python_non_smells_009.py,rule:clean,django\django\templatetags\i18n.py:104
python_non_smells_010,python,non_smells,python\non_smells\python_non_smells_010.py,rule:clean,django\django\forms\boundfield.py:306
python_non_smells_011,python,non_smells,python\non_smells\python_non_smells_011.py,rule:clean,django\django\contrib\gis\gdal\datasource.py:51
python_non_smells_012,python,non_smells,python\non_smells\python_non_smells_012.py,rule:clean,django\django\middleware\common.py:13
python_non_smells_013,python,non_smells,python\non_smells\python_non_smells_013.py,rule:clean,django\django\middleware\common.py:118
python_non_smells_014,python,non_smells,python\non_smells\python_non_smells_014.py,rule:clean,scikit-learn\doc\sphinxext\sphinx_issues.py:77
python_non_smells_015,python,non_smells,python\non_smells\python_non_smells_015.py,rule:clean,django\django\utils\functional.py:8
python_non_smells_016,python,non_smells,python\non_smells\python_non_smells_016.py,rule:clean,django\django\utils\functional.py:398
python_non_smells_017,python,non_smells,python\non_smells\python_non_smells_017.py,rule:clean,django\django\core\files\storage\memory.py:82
python_non_smells_018,python,non_smells,python\non_smells\python_non_smells_018.py,rule:clean,django\django\db\models\sql\query.py:2607
python_non_smells_019,python,non_smells,python\non_smells\python_non_smells_019.py,rule:clean,scikit-learn\asv_benchmarks\benchmarks\cluster.py:8
python_non_smells_020,python,non_smells,python\non_smells\python_non_smells_020.py,rule:clean,scikit-learn\asv_benchmarks\benchmarks\cluster.py:57
python_non_smells_021,python,non_smells,python\non_smells\python_non_smells_021.py,rule:clean,scrapy\scrapy\downloadermiddlewares\stats.py:22
python_non_smells_022,python,non_smells,python\non_smells\python_non_smells_022.py,rule:clean,django\django\db\backends\mysql\creation.py:10
python_non_smells_023,python,non_smells,python\non_smells\python_non_smells_023.py,rule:clean,django\django\db\migrations\operations\special.py:20
python_non_smells_024,python,non_smells,python\non_smells\python_non_smells_024.py,rule:clean,django\django\db\migrations\operations\special.py:82
python_non_smells_025,python,non_smells,python\non_smells\python_non_smells_025.py,rule:clean,django\django\db\migrations\operations\special.py:108
python_non_smells_026,python,non_smells,python\non_smells\python_non_smells_026.py,rule:clean,django\django\db\migrations\operations\special.py:161
python_non_smells_027,python,non_smells,python\non_smells\python_non_smells_027.py,rule:clean,django\django\template\context.py:273
python_non_smells_028,python,non_smells,python\non_smells\python_non_smells_028.py,rule:clean,django\django\template\context.py:66
python_non_smells_029,python,non_smells,python\non_smells\python_non_smells_029.py,rule:clean,django\django\template\context.py:78
python_non_smells_030,python,non_smells,python\non_smells\python_non_smells_030.py,rule:clean,django\django\template\context.py:92
python_non_smells_031,python,non_smells,python\non_smells\python_non_smells_031.py,rule:clean,django\django\template\context.py:98
python_non_smells_032,python,non_smells,python\non_smells\python_non_smells_032.py,rule:clean,django\django\template\context.py:114
python_non_smells_033,python,non_smells,python\non_smells\python_non_smells_033.py,rule:clean,django\django\template\context.py:136
python_non_smells_034,python,non_smells,python\non_smells\python_non_smells_034.py,rule:clean,django\django\template\context.py:148
python_non_smells_035,python,non_smells,python\non_smells\python_non_smells_035.py,rule:clean,django\django\template\context.py:245
python_non_smells_036,python,non_smells,python\non_smells\python_non_smells_036.py,rule:clean,scikit-learn\sklearn\multiclass.py:106
python_non_smells_037,python,non_smells,python\non_smells\python_non_smells_037.py,rule:clean,scikit-learn\sklearn\multiclass.py:118
python_non_smells_038,python,non_smells,python\non_smells\python_non_smells_038.py,rule:clean,scikit-learn\sklearn\multiclass.py:180
python_non_smells_039,python,non_smells,python\non_smells\python_non_smells_039.py,rule:clean,scikit-learn\sklearn\multiclass.py:130
python_non_smells_040,python,non_smells,python\non_smells\python_non_smells_040.py,rule:clean,scikit-learn\sklearn\multiclass.py:188
python_non_smells_041,python,non_smells,python\non_smells\python_non_smells_041.py,rule:clean,scikit-learn\sklearn\multiclass.py:558
python_non_smells_042,python,non_smells,python\non_smells\python_non_smells_042.py,rule:clean,scikit-learn\sklearn\multiclass.py:921
