sample_id,label,alasan,url
4023677,long_method,HTTP 404,https://raw.githubusercontent.com/apache/axis2-java/372582df483eb7991f85b6d0e765aec62339cdb7/modules/transport/http/src/org/apache/axis2/transport/http/AxisServlet.java
9045965,long_method,HTTP 404,https://raw.githubusercontent.com/eclipse/eclipse.jdt.core/24d47c292ed4bd8fdc28b3c2f9afdab1401d025c/org.eclipse.jdt.core.tests.model/src/org/eclipse/jdt/core/tests/model/TypeHierarchyTests.java
6730087,long_method,HTTP 404,https://raw.githubusercontent.com/eclipse/webtools.sourceediting/fe6d03fa6ca31c9e5ebeba67b32f14d14335657d/core/bundles/org.eclipse.wst.sse.core/DevTimeSupport/HeadParsers/XML10Names/XML10Names.java
6393344,long_method,HTTP 404,https://raw.githubusercontent.com/eclipse/eclipse.platform.ui/e3bbb556534a1fb945e1036948325d14a8dd9c7a/tests/org.eclipse.jface.tests/src/org/eclipse/jface/widgets/TestUnitTextFactory.java
4488901,long_method,HTTP 404,https://raw.githubusercontent.com/apache/ctakes/79be3ba2833857714bb301449f021cca36f373e6/ctakes-core/src/main/java/org/apache/ctakes/core/cleartk/SumContext.java
8155488,god_class,HTTP 404,https://raw.githubusercontent.com/apache/axis1-java/7043f1ab0397d1ae35f879f2bcc99be1e9b55644/samples/transport-sample/src/main/java/samples/transport/tcp/TCPSender.java
8023829,god_class,HTTP 404,https://raw.githubusercontent.com/eclipse/titan.EclipsePlug-ins/92bae808bfd4757c9a2f7cc0e59cd17ad801394c/org.eclipse.titanium.refactoring/src/org/eclipse/titanium/refactoring/fieldordering/ChangeCreator.java
6279768,god_class,HTTP 404,https://raw.githubusercontent.com/eclipse/jgit/00523f38a19b073990239b0f837efa14197764c7/org.eclipse.jgit.ssh.apache/src/org/eclipse/jgit/transport/sshd/SshdSession.java
5822090,god_class,HTTP 404,https://raw.githubusercontent.com/apache/uima-ruta/08efb111a775b4ba01cf048ac699aa9c22188325/ruta-core/src/main/java/org/apache/uima/ruta/action/TrimAction.java
6350501,god_class,HTTP 404,https://raw.githubusercontent.com/eclipse/linuxtools/11865e6e7d86a9d2e63c7b25605f6055875e63ad/systemtap/org.eclipse.linuxtools.systemtap.ui.ide/src/org/eclipse/linuxtools/internal/systemtap/ui/ide/editors/stp/STPIndenter.java
6594157,god_class,HTTP 404,https://raw.githubusercontent.com/epam/DLab/34483ee52cf8b79c4e51a54c82171564e5b8d50a/services/dlab-model/src/main/java/com/epam/dlab/util/CloudSettingsDeserializer.java
6578541,god_class,HTTP 404,https://raw.githubusercontent.com/eclipse/rap/6295da95d01da6669c91bd4b058db9b89f35abaf/bundles/org.eclipse.rap.ui.workbench/Eclipse UI/org/eclipse/ui/internal/AbstractPartSelectionTracker.java
6554999,god_class,HTTP 404,https://raw.githubusercontent.com/eclipse/rap/6295da95d01da6669c91bd4b058db9b89f35abaf/bundles/org.eclipse.rap.ui.workbench/Eclipse UI/org/eclipse/ui/internal/progress/AnimationManager.java
9074421,god_class,HTTP 404,https://raw.githubusercontent.com/eclipse/eclipse.jdt.core/24d47c292ed4bd8fdc28b3c2f9afdab1401d025c/org.eclipse.jdt.apt.core/src/org/eclipse/jdt/apt/core/internal/generatedfile/GeneratedResourceChangeListener.java
6547794,feature_envy,HTTP 404,https://raw.githubusercontent.com/eclipse/rap/6295da95d01da6669c91bd4b058db9b89f35abaf/bundles/org.eclipse.rap.ui.workbench/Eclipse UI/org/eclipse/ui/internal/Workbench.java
6729098,feature_envy,HTTP 404,https://raw.githubusercontent.com/eclipse/webtools.sourceediting/fe6d03fa6ca31c9e5ebeba67b32f14d14335657d/xml/bundles/org.eclipse.wst.xsd.ui/src-adt-xsd/org/eclipse/wst/xsd/ui/internal/adapters/XSDWildcardAdapter.java
7961199,data_class,HTTP 404,https://raw.githubusercontent.com/eclipse/titan.EclipsePlug-ins/92bae808bfd4757c9a2f7cc0e59cd17ad801394c/org.eclipse.titan.runtime/src/org/eclipse/titan/runtime/core/Param_Types.java
8299961,data_class,HTTP 404,https://raw.githubusercontent.com/eclipse/acceleo/3b0576ceff41c61c97f94fba4020adbab691bd68/plugins/org.eclipse.acceleo.compatibility/src-gen/org/eclipse/acceleo/compatibility/model/mt/statements/impl/TextImpl.java
6573709,data_class,HTTP 404,https://raw.githubusercontent.com/eclipse/rap/6295da95d01da6669c91bd4b058db9b89f35abaf/bundles/org.eclipse.rap.ui.workbench/Eclipse UI/org/eclipse/ui/IViewReference.java
8152579,non_smells,HTTP 404,https://raw.githubusercontent.com/apache/axis1-java/7043f1ab0397d1ae35f879f2bcc99be1e9b55644/axis-rt-transport-jms/src/main/java/org/apache/axis/transport/jms/JMSEndpoint.java
6560581,non_smells,HTTP 404,https://raw.githubusercontent.com/eclipse/rap/6295da95d01da6669c91bd4b058db9b89f35abaf/bundles/org.eclipse.rap.ui.workbench/Eclipse UI/org/eclipse/ui/IPluginContribution.java
6696450,non_smells,HTTP 404,https://raw.githubusercontent.com/eclipse/webtools.sourceediting/fe6d03fa6ca31c9e5ebeba67b32f14d14335657d/web/tests/org.eclipse.wst.html.ui.tests/src/org/eclipse/wst/html/ui/tests/HTMLUITestsPlugin.java
7958322,long_method,HTTP 404,https://raw.githubusercontent.com/eclipse/titan.EclipsePlug-ins/92bae808bfd4757c9a2f7cc0e59cd17ad801394c/org.eclipse.titanium.refactoring/src/org/eclipse/titanium/refactoring/function/ExtractToFunctionWizardParamsPage.java
6276517,long_method,HTTP 404,https://raw.githubusercontent.com/eclipse/jgit/00523f38a19b073990239b0f837efa14197764c7/org.eclipse.jgit/src/org/eclipse/jgit/internal/storage/pack/PackWriter.java
9049868,long_method,HTTP 404,https://raw.githubusercontent.com/eclipse/eclipse.jdt.core/24d47c292ed4bd8fdc28b3c2f9afdab1401d025c/org.eclipse.jdt.core.tests.performance/src/org/eclipse/jdt/core/tests/performance/FullSourceWorkspaceFormatterTests.java
4490338,long_method,HTTP 404,https://raw.githubusercontent.com/apache/ctakes/79be3ba2833857714bb301449f021cca36f373e6/ctakes-coreference/src/main/java/org/apache/ctakes/coreference/ae/features/cluster/MentionClusterStringFeaturesExtractor.java
6344285,long_method,HTTP 404,https://raw.githubusercontent.com/eclipse/linuxtools/11865e6e7d86a9d2e63c7b25605f6055875e63ad/rpm/org.eclipse.linuxtools.rpm.ui.editor/src/org/eclipse/linuxtools/internal/rpm/ui/editor/preferences/PreferenceInitializer.java
6562309,god_class,HTTP 404,https://raw.githubusercontent.com/eclipse/rap/6295da95d01da6669c91bd4b058db9b89f35abaf/bundles/org.eclipse.rap.ui.workbench/Eclipse UI/org/eclipse/ui/internal/WWinPartService.java
6555966,god_class,HTTP 404,https://raw.githubusercontent.com/eclipse/rap/6295da95d01da6669c91bd4b058db9b89f35abaf/bundles/org.eclipse.rap.rwt/src/org/eclipse/swt/widgets/ToolBar.java
5823351,god_class,HTTP 404,https://raw.githubusercontent.com/apache/uima-ruta/08efb111a775b4ba01cf048ac699aa9c22188325/ruta-ep-addons/src/main/java/org/apache/uima/ruta/testing/evaluator/FeatureCasEvaluator.java
6385711,non_smells,HTTP 404,https://raw.githubusercontent.com/eclipse/eclipse.platform.ui/e3bbb556534a1fb945e1036948325d14a8dd9c7a/bundles/org.eclipse.jface.databinding/src/org/eclipse/jface/databinding/viewers/ObservableSetTreeContentProvider.java
