sample_id,label,language,type,repository,commit_hash,path,method_name,start_line,param_count
3920271,long_parameter_list,java,function,git@github.com:apache/accumulo.git,f896c98c2356a52dfa2235d2cc02ae556ab17909,/proxy/src/main/java/org/apache/accumulo/proxy/thrift/ActiveScan.java,ActiveScan,202,11
8850427,long_parameter_list,java,function,git@github.com:apache/airavata.git,391843a00eefa7b6213e845f2f044b4e042894d5,/airavata-api/airavata-api-stubs/src/main/java/org/apache/airavata/api/Airavata.java,getExperimentStatistics,3124,8
8939140,long_parameter_list,java,function,git@github.com:apache/hive.git,2fa22bf360898dc8fd1408bfcc96e1c6aeaf9a53,/standalone-metastore/metastore-common/src/gen/thrift/gen-javabean/org/apache/hadoop/hive/metastore/api/ThriftHiveMetastore.java,create_table_with_constraints,541,8
8615362,long_parameter_list,java,function,git@github.com:apache/ignite.git,7a7c407ea41477aae8508bfe871b4e9a67e1b277,/modules/hadoop/src/main/java/org/apache/ignite/internal/processors/hadoop/shuffle/HadoopShuffleJob.java,HadoopShuffleJob,172,8
4331802,long_parameter_list,java,function,git@github.com:apache/derby.git,bd246fc89d4fce3f82f8344074ecb8a4713418df,/java/org.apache.derby.engine/org/apache/derby/impl/sql/execute/CreateViewConstantAction.java,CreateViewConstantAction,96,8
9396435,long_parameter_list,java,function,git@github.com:SAP/SapMachine.git,6e62561730c46dc5000c39665c43951832192ceb,/src/java.desktop/unix/classes/sun/java2d/xr/XRCompositeManager.java,XRComposite,235,11
3722097,long_parameter_list,java,function,git@github.com:alibaba/atlas.git,e8c7b3f1ff14b2a1df64321c6992b796cae7d732,/atlas-core/src/main/java/android/taobao/atlas/runtime/newcomponent/IntentResolver.java,buildResolveList,588,8
9483594,long_parameter_list,java,function,git@github.com:apache/hadoop.git,128dd91e10080bdcbcd7d555fa3c4105e55a6b51,/hadoop-mapreduce-project/hadoop-mapreduce-client/hadoop-mapreduce-client-core/src/main/java/org/apache/hadoop/mapreduce/task/ReduceContextImpl.java,ReduceContextImpl,84,11
8967998,long_parameter_list,java,function,git@github.com:apache/hive.git,2fa22bf360898dc8fd1408bfcc96e1c6aeaf9a53,/ql/src/java/org/apache/hadoop/hive/ql/metadata/formatting/JsonMetaDataFormatter.java,describeTable,189,17
6536605,long_parameter_list,java,function,git@github.com:eclipse/smarthome.git,b8455de15d65512e8fac4e94d42de6ab2fccf1c5,/bundles/io/org.eclipse.smarthome.io.net/src/main/java/org/eclipse/smarthome/io/net/http/HttpUtil.java,executeUrl,153,11
3844294,long_parameter_list,java,function,git@github.com:apache/accumulo.git,f896c98c2356a52dfa2235d2cc02ae556ab17909,/proxy/src/main/java/org/apache/accumulo/proxy/thrift/AccumuloProxy.java,compactTable,45,8
6703649,long_parameter_list,java,function,git@github.com:facebook/litho.git,19503b819b97e17d02f584633508dca8c646911a,/litho-sections-core/src/main/java/com/facebook/litho/sections/ChangeSet.java,ChangeSetStats,317,8
7047050,long_parameter_list,java,function,git@github.com:google/sagetv.git,a35e3a450b4c0134cb097b9e7de76dca08eb6654,/java/sage/miniclient/QuartzGFXCMD.java,getGradient,205,8
3763789,long_parameter_list,java,function,git@github.com:alibaba/jstorm.git,5d6cde22dbca7df3d6e6830bf94f98a6639ab559,/jstorm-core/src/main/java/backtype/storm/generated/Nimbus.java,submitTopology_call,1924,8
3857363,long_parameter_list,java,function,git@github.com:apache/accumulo.git,f896c98c2356a52dfa2235d2cc02ae556ab17909,/core/src/main/java/org/apache/accumulo/core/tabletserver/thrift/TabletClientService.java,startScan,31,16
4098093,long_parameter_list,java,function,git@github.com:apache/asterixdb.git,223d13a06c4a4a58408aeac19674ac1f36f5ff35,/hyracks-fullstack/hyracks/hyracks-storage-am-common/src/main/java/org/apache/hyracks/storage/am/common/dataflow/IndexSearchOperatorNodePushable.java,IndexSearchOperatorNodePushable,112,11
9217401,long_parameter_list,java,function,git@github.com:SAP/SapMachine.git,6e62561730c46dc5000c39665c43951832192ceb,/src/java.xml/share/classes/com/sun/org/apache/xalan/internal/xsltc/dom/SAXImpl.java,SAXImpl,718,9
3819885,long_parameter_list,java,function,git@github.com:apache/accumulo.git,f896c98c2356a52dfa2235d2cc02ae556ab17909,/proxy/src/main/java/org/apache/accumulo/proxy/thrift/AccumuloProxy.java,compactTable,45,8
9173375,long_parameter_list,java,function,git@github.com:eclipse/birt.git,f89264810347de98702db45386a822aabc0fadbf,/engine/org.eclipse.birt.report.engine.emitter.wpml/src/org/eclipse/birt/report/engine/emitter/wpml/writer/DocWriter.java,drawImage,206,8
4634991,long_parameter_list,java,function,git@github.com:apache/groovy.git,00ee0547c00673a93e0843a9d72c8e4293d1efdb,/src/main/java/org/codehaus/groovy/classgen/asm/indy/InvokeDynamicWriter.java,makeCachedCall,86,10
3879070,long_parameter_list,java,function,git@github.com:apache/accumulo.git,f896c98c2356a52dfa2235d2cc02ae556ab17909,/core/src/main/java/org/apache/accumulo/core/clientImpl/thrift/ClientService.java,bulkImportFiles,101,8
6496450,long_parameter_list,java,function,git@github.com:eclipse/reddeer.git,59e55d29fc60a672d79df1ad1578badb8a2f8693,/plugins/org.eclipse.reddeer.core/src/org/eclipse/reddeer/core/handler/TreeItemHandler.java,createMouseEvent,476,8
4612119,long_parameter_list,java,function,git@github.com:apache/flink.git,8068c8775ad067d75828e6360e7e0994348da9b9,/flink-runtime/src/main/java/org/apache/flink/runtime/taskexecutor/TaskExecutor.java,TaskExecutor,212,9
8841762,long_parameter_list,java,function,git@github.com:apache/airavata.git,391843a00eefa7b6213e845f2f044b4e042894d5,/modules/sharing-registry/sharing-registry-stubs/src/main/java/org/apache/airavata/sharing/registry/service/cpi/SharingRegistryService.java,getGroupMembersOfTypeUser_call,2686,8
9219509,long_parameter_list,java,function,git@github.com:SAP/SapMachine.git,6e62561730c46dc5000c39665c43951832192ceb,/src/java.desktop/share/classes/javax/swing/SwingUtilities.java,layoutCompoundLabel,959,12
9421769,long_parameter_list,java,function,git@github.com:SAP/SapMachine.git,6e62561730c46dc5000c39665c43951832192ceb,/src/jdk.compiler/share/classes/com/sun/tools/javac/tree/TreeMaker.java,MethodDef,176,8
8775243,long_parameter_list,java,function,git@github.com:apache/hadoop-common.git,42a61a4fbc88303913c4681f0d40ffcc737e70b5,/hadoop-common-project/hadoop-common/src/main/java/org/apache/hadoop/fs/ChecksumFileSystem.java,create,430,8
9008466,long_parameter_list,java,function,git@github.com:apache/lucene-solr.git,bca22d58e2d126ec6d349d375d3ea028892104e1,/solr/core/src/java/org/apache/solr/util/SolrCLI.java,ReplicaHealth,1355,8
7268054,long_parameter_list,java,function,git@github.com:oracle/visualvm.git,d9b10575b53d535e10c6e8c41831ebe38483c65b,/visualvm/libs.profiler/profiler.snaptracer/src/org/graalvm/visualvm/lib/profiler/snaptracer/impl/timeline/DiscreteXYPainter.java,DiscreteXYPainter,86,9
4140914,long_parameter_list,java,function,git@github.com:apache/calcite.git,a648f9c12309cc253628930b0cab98591caa66ab,/core/src/main/java/org/apache/calcite/jdbc/CalciteSchema.java,CalciteSchema,72,11
3929567,long_parameter_list,java,function,git@github.com:apache/accumulo.git,f896c98c2356a52dfa2235d2cc02ae556ab17909,/core/src/main/java/org/apache/accumulo/core/tabletserver/thrift/TabletClientService.java,startScan,31,16
5991563,long_parameter_list,java,function,git@github.com:aws/aws-sdk-java-v2.git,1d5d11e8087c93ab1a3a2d35193052e526fd123c,/codegen/src/main/java/software/amazon/awssdk/codegen/model/intermediate/IntermediateModel.java,IntermediateModel,71,9
3822072,long_parameter_list,java,function,git@github.com:apache/accumulo.git,f896c98c2356a52dfa2235d2cc02ae556ab17909,/server/tserver/src/main/java/org/apache/accumulo/tserver/tablet/Compactor.java,Compactor,148,10
9171873,long_parameter_list,java,function,git@github.com:eclipse/birt.git,f89264810347de98702db45386a822aabc0fadbf,/engine/org.eclipse.birt.report.engine.emitter.postscript/src/org/eclipse/birt/report/engine/emitter/postscript/PostscriptWriter.java,drawBackgroundImage,469,11
6207209,long_parameter_list,java,function,git@github.com:eclipse/che.git,c5498c2ac562cd8a2fc79a6bb0446d291f05a201,/ide/che-core-ide-app/src/main/java/org/eclipse/che/ide/command/editor/CommandEditor.java,CommandEditor,82,16
8567234,long_parameter_list,java,function,git@github.com:apache/hbase.git,44f8abd5c65c59e9d09f6ad14b3c825f145d8e4f,/hbase-thrift/src/main/java/org/apache/hadoop/hbase/thrift/generated/Hbase.java,get_call,2298,8
8845708,long_parameter_list,java,function,git@github.com:apache/airavata.git,391843a00eefa7b6213e845f2f044b4e042894d5,/modules/sharing-registry/sharing-registry-stubs/src/main/java/org/apache/airavata/sharing/registry/service/cpi/SharingRegistryService.java,getGroupMembersOfTypeUser_call,2686,8
3924473,long_parameter_list,java,function,git@github.com:apache/accumulo.git,f896c98c2356a52dfa2235d2cc02ae556ab17909,/core/src/main/java/org/apache/accumulo/core/clientImpl/thrift/ClientService.java,bulkImportFiles,101,8
4032154,long_parameter_list,java,function,git@github.com:apache/beam.git,a956ff77a8448e5f2c12f6695fec608348b5ab60,/sdks/java/core/src/main/java/org/apache/beam/sdk/transforms/ApproximateQuantiles.java,QuantileState,359,8
7475455,long_parameter_list,java,function,git@github.com:oracle/graal.git,4deb681aaaa79c248115037fc8e399c9876619fd,/compiler/src/org.graalvm.compiler.hotspot.aarch64/src/org/graalvm/compiler/hotspot/aarch64/AArch64HotSpotLIRGenerator.java,emitCompareBranch,219,8
3930845,long_parameter_list,java,function,git@github.com:apache/accumulo.git,f896c98c2356a52dfa2235d2cc02ae556ab17909,/proxy/src/main/java/org/apache/accumulo/proxy/thrift/AccumuloProxy.java,compactTable,45,8
6857899,long_parameter_list,java,function,git@github.com:google/binnavi.git,8e0aef41402db6c6ecb2a26bb943bbbc5fd989b2,/src/main/java/com/google/security/zynamics/reil/translators/x86/Helpers.java,writeBack,1713,8
5127922,long_parameter_list,java,function,git@github.com:apache/maven-indexer.git,8fcb8551345c78871a6adbc0f7238ccd408178d3,/indexer-core/src/main/java/org/apache/maven/index/context/DefaultIndexingContext.java,DefaultIndexingContext,119,9
8855150,long_parameter_list,java,function,git@github.com:apache/airavata.git,391843a00eefa7b6213e845f2f044b4e042894d5,/airavata-api/airavata-api-stubs/src/main/java/org/apache/airavata/api/Airavata.java,getExperimentStatistics,3124,8
9102455,long_parameter_list,java,function,git@github.com:oracle/fastr.git,a1ee49060317621c0c9eceea8ec60040aca59b2d,/com.oracle.truffle.r.nodes.builtin/src/com/oracle/truffle/r/nodes/builtin/fastr/FastRTrace.java,trace,130,8
4276035,long_parameter_list,java,function,git@github.com:apache/commons-math.git,f3719d89ab6a928e8618bbe6a7da8214d9d6eb07,/src/main/java/org/apache/commons/math4/ode/nonstiff/AdamsFieldStepInterpolator.java,AdamsFieldStepInterpolator,70,8
7138422,long_parameter_list,java,function,git@github.com:linkedin/rest.li.git,ad74aa98da8a55ad9c339d0769a3e8fb495765af,/restli-client/src/main/java/com/linkedin/restli/client/OptionsRequest.java,OptionsRequest,36,8
4583764,long_parameter_list,java,function,git@github.com:apache/fop.git,caced35327f6b6d6eeac2a13543f3c458e902101,/fop-core/src/main/java/org/apache/fop/layoutmgr/inline/TextLayoutManager.java,processWord,926,8
4580142,long_parameter_list,java,function,git@github.com:apache/fop.git,caced35327f6b6d6eeac2a13543f3c458e902101,/fop-core/src/main/java/org/apache/fop/layoutmgr/BalancingColumnBreakingAlgorithm.java,BalancingColumnBreakingAlgorithm,38,8
5445165,long_parameter_list,java,function,git@github.com:apache/pulsar.git,044daf8d61328265640a5b3e5008fc04fac73efa,/pulsar-client/src/main/java/org/apache/pulsar/client/impl/ConsumerImpl.java,newConsumerImpl,152,10
7182108,long_parameter_list,java,function,git@github.com:oracle/opengrok.git,bd2770a04a3eda7af19fae482d880d56cce0eeb9,/opengrok-indexer/src/main/java/org/opengrok/indexer/analysis/CtagsReader.java,addTag,386,9
8901898,long_parameter_list,java,function,git@github.com:apache/hive.git,2fa22bf360898dc8fd1408bfcc96e1c6aeaf9a53,/llap-server/src/java/org/apache/hadoop/hive/llap/io/encoded/OrcEncodedDataReader.java,OrcEncodedDataReader,187,12
8756041,long_parameter_list,java,function,git@github.com:apache/hadoop-common.git,42a61a4fbc88303913c4681f0d40ffcc737e70b5,/hadoop-yarn-project/hadoop-yarn/hadoop-yarn-server/hadoop-yarn-server-nodemanager/src/main/java/org/apache/hadoop/yarn/server/nodemanager/containermanager/monitor/ContainersMonitorImpl.java,formatErrorMessage,483,8
