sample_id,label,language,source_file,function_name,start_line,end_line,metric
py_lo_0000,long_method,python,django\django\contrib\contenttypes\views.py,shortcut,9,88,58
py_lo_0001,long_method,python,scikit-learn\sklearn\multiclass.py,partial_fit,399,477,60
py_lo_0002,long_method,python,scikit-learn\sklearn\multiclass.py,fit,759,828,58
py_lo_0003,long_method,python,scikit-learn\sklearn\multiclass.py,partial_fit,835,919,71
py_lo_0004,long_method,python,scikit-learn\sklearn\multiclass.py,fit,1148,1223,58
py_lo_0005,long_method,python,django\django\contrib\auth\management\commands\createsuperuser.py,handle,90,248,142
py_lo_0006,long_parameter_list,python,scikit-learn\sklearn\datasets\_kddcup99.py,fetch_kddcup99,63,243,8
py_lo_0007,long_method,python,scikit-learn\sklearn\datasets\_kddcup99.py,_fetch_brute_kddcup99,246,390,125
py_lo_0008,long_method,python,django\django\db\backends\sqlite3\_functions.py,register,40,103,61
py_lo_0009,long_method,python,scikit-learn\sklearn\metrics\pairwise.py,check_pairwise_arrays,72,194,103
py_lo_0010,long_method,python,scikit-learn\sklearn\metrics\pairwise.py,euclidean_distances,243,347,88
py_lo_0011,long_method,python,scikit-learn\sklearn\metrics\pairwise.py,nan_euclidean_distances,405,524,86
py_lo_0012,long_method,python,scikit-learn\sklearn\metrics\pairwise.py,pairwise_distances_argmin_min,667,800,97
py_lo_0013,long_method,python,scikit-learn\sklearn\metrics\pairwise.py,pairwise_distances_argmin,816,944,89
py_lo_0014,long_method,python,scikit-learn\sklearn\metrics\pairwise.py,additive_chi2_kernel,1674,1739,53
py_lo_0015,long_method,python,scikit-learn\sklearn\metrics\pairwise.py,pairwise_distances_chunked,1985,2155,138
py_lo_0016,long_method,python,scikit-learn\sklearn\metrics\pairwise.py,pairwise_distances,2168,2331,133
py_lo_0017,long_method,python,scikit-learn\sklearn\metrics\pairwise.py,pairwise_kernels,2425,2522,80
py_lo_0018,long_method,python,django\tests\test_utils\tests.py,test_complex_examples,816,869,53
py_lo_0019,long_method,python,django\tests\test_utils\tests.py,_assert_formset_error_old_api_cases,1878,1952,75
py_lo_0020,long_method,python,django\tests\model_forms\tests.py,test_initial_values,1494,1604,104
py_lo_0021,long_method,python,django\tests\model_forms\tests.py,test_multi_fields,1693,1782,86
py_lo_0022,long_method,python,django\tests\model_forms\tests.py,test_subset_fields,1784,1844,52
py_lo_0023,long_method,python,django\tests\model_forms\tests.py,test_runtime_choicefield_populated,1923,1994,68
py_lo_0024,long_method,python,django\tests\model_forms\tests.py,test_image_field,2663,2820,115
py_lo_0025,long_method,python,django\tests\model_forms\tests.py,test_limit_choices_to_no_duplicates,3322,3385,61
py_lo_0026,long_method,python,scikit-learn\sklearn\ensemble\_hist_gradient_boosting\tests\test_grower.py,test_grower_interaction_constraints,571,650,66
py_lo_0027,long_parameter_list,python,scrapy\scrapy\http\response\__init__.py,__init__,41,61,9
py_lo_0028,long_parameter_list,python,scrapy\scrapy\http\response\__init__.py,follow,157,206,13
py_lo_0029,long_parameter_list,python,scrapy\scrapy\http\response\__init__.py,follow_all,208,255,13
py_lo_0030,long_parameter_list,python,django\django\contrib\admin\views\main.py,__init__,57,131,14
py_lo_0031,long_method,python,django\django\contrib\admin\views\main.py,get_filters,153,254,79
py_lo_0032,long_method,python,django\django\contrib\admin\views\main.py,_get_deterministic_ordering,390,453,51
py_lo_0033,long_method,python,scrapy\scrapy\core\downloader\middleware.py,download,35,103,65
py_lo_0034,long_method,python,django\tests\runtests.py,setup_collect_tests,199,275,59
py_lo_0035,long_parameter_list,python,django\tests\runtests.py,django_tests,368,434,17
py_lo_0036,long_parameter_list,python,scikit-learn\sklearn\kernel_approximation.py,__init__,996,1015,8
py_lo_0037,long_method,python,django\django\templatetags\i18n.py,do_translate,360,453,77
py_lo_0038,long_method,python,django\django\templatetags\i18n.py,do_block_translate,458,596,122
py_lo_0039,long_parameter_list,python,django\django\templatetags\i18n.py,__init__,105,125,9
py_lo_0040,long_method,python,django\django\templatetags\i18n.py,render,148,204,52
py_lo_0041,long_method,python,scikit-learn\sklearn\utils\tests\test_pprint.py,test_gridsearch_pipeline,375,438,60
py_lo_0042,long_method,python,scikit-learn\sklearn\utils\tests\test_pprint.py,test_n_max_elements_to_show,441,528,74
py_lo_0043,long_parameter_list,python,scikit-learn\sklearn\utils\tests\test_pprint.py,__init__,20,52,15
py_lo_0044,long_parameter_list,python,scikit-learn\sklearn\utils\tests\test_pprint.py,__init__,77,101,11
py_lo_0045,long_parameter_list,python,scikit-learn\sklearn\utils\tests\test_pprint.py,__init__,105,141,17
py_lo_0046,long_parameter_list,python,scikit-learn\sklearn\utils\tests\test_pprint.py,__init__,151,181,14
py_lo_0047,long_parameter_list,python,scikit-learn\sklearn\utils\tests\test_pprint.py,__init__,205,229,11
py_lo_0048,long_method,python,django\tests\migrations\test_autodetector.py,test_supports_functools_partial,1367,1460,84
py_lo_0049,long_method,python,django\tests\migrations\test_autodetector.py,test_rename_field_foreign_key_to_field,1535,1588,53
py_lo_0050,long_method,python,django\tests\migrations\test_autodetector.py,test_rename_foreign_object_fields,1590,1732,141
py_lo_0051,long_method,python,django\tests\migrations\test_autodetector.py,test_rename_field_preserved_db_column,1776,1831,56
py_lo_0052,long_method,python,django\tests\migrations\test_autodetector.py,test_rename_related_field_preserved_db_column,1833,1903,71
py_lo_0053,long_method,python,django\tests\migrations\test_autodetector.py,test_rename_model_reverse_relation_dependencies,2088,2142,55
py_lo_0054,long_method,python,django\tests\migrations\test_autodetector.py,test_empty_unique_together,2502,2563,53
py_lo_0055,long_method,python,django\tests\migrations\test_autodetector.py,test_alter_field_and_unique_together,2921,2992,71
py_lo_0056,long_method,python,django\tests\migrations\test_autodetector.py,test_set_alter_order_with_respect_to_index_constraint_unique_together,4053,4104,52
py_lo_0057,long_method,python,django\tests\migrations\test_autodetector.py,test_empty_index_together,4760,4821,53
py_lo_0058,long_method,python,django\tests\migrations\test_autodetector.py,test_alter_field_and_index_together,5050,5121,71
py_lo_0059,long_parameter_list,python,scikit-learn\sklearn\gaussian_process\_gpr.py,__init__,200,219,8
py_lo_0060,long_method,python,scikit-learn\sklearn\gaussian_process\_gpr.py,fit,222,361,111
py_lo_0061,long_method,python,scikit-learn\sklearn\gaussian_process\_gpr.py,predict,363,496,97
py_lo_0062,long_method,python,scikit-learn\sklearn\gaussian_process\_gpr.py,log_marginal_likelihood,537,652,66
py_lo_0063,long_method,python,django\django\db\backends\oracle\schema.py,_alter_field_type_workaround,103,168,53
py_lo_0064,long_method,python,scikit-learn\sklearn\tree\tests\test_tree.py,test_min_impurity_decrease,810,879,51
py_lo_0065,long_method,python,scikit-learn\sklearn\tree\tests\test_tree.py,test_explicit_sparse_zeros,1466,1538,56
py_lo_0066,long_method,python,scikit-learn\sklearn\tree\tests\test_tree.py,test_mae,1651,1748,79
py_lo_0067,long_parameter_list,python,scikit-learn\sklearn\externals\_scipy\sparse\csgraph\_laplacian.py,laplacian,20,369,8
py_lo_0068,long_method,python,scikit-learn\sklearn\utils\tests\test_sparsefuncs.py,test_incr_mean_variance_axis_weighted_axis1,157,222,56
py_lo_0069,long_method,python,scikit-learn\sklearn\utils\tests\test_sparsefuncs.py,test_incr_mean_variance_axis_weighted_axis0,254,319,56
py_lo_0070,long_parameter_list,python,scikit-learn\sklearn\utils\tests\test_sparsefuncs.py,test_min_max,777,805,8
py_lo_0071,long_parameter_list,python,scikit-learn\sklearn\manifold\tests\test_t_sne.py,_run_answer_test,653,679,8
py_lo_0072,long_parameter_list,python,scikit-learn\sklearn\cluster\_mean_shift.py,mean_shift,137,246,8
py_lo_0073,long_parameter_list,python,scikit-learn\sklearn\decomposition\_kernel_pca.py,__init__,278,313,16
py_lo_0074,long_parameter_list,python,scrapy\scrapy\mail.py,__init__,37,55,8
py_lo_0075,long_parameter_list,python,scrapy\scrapy\mail.py,send,69,138,8
py_lo_0076,long_parameter_list,python,django\django\db\models\sql\query.py,build_filter,1362,1527,9
py_lo_0077,long_parameter_list,python,django\django\db\models\sql\query.py,_add_q,1557,1591,8
py_lo_0078,long_parameter_list,python,scikit-learn\sklearn\manifold\_spectral_embedding.py,__init__,602,621,8
py_lo_0079,long_parameter_list,python,scikit-learn\sklearn\datasets\tests\test_openml.py,test_fetch_openml_as_frame_true,222,262,8
py_lo_0080,long_parameter_list,python,scikit-learn\sklearn\datasets\tests\test_openml.py,test_fetch_openml_types_inference,931,972,9
py_lo_0081,long_parameter_list,python,django\django\db\backends\base\schema.py,_alter_field,842,1186,8
py_lo_0082,long_parameter_list,python,django\django\db\backends\base\schema.py,_create_index_sql,1404,1456,12
py_lo_0083,long_parameter_list,python,django\django\db\backends\base\schema.py,_unique_sql,1591,1629,8
py_lo_0084,long_parameter_list,python,django\django\db\backends\base\schema.py,_create_unique_sql,1631,1682,8
py_lo_0085,long_parameter_list,python,django\django\db\backends\base\schema.py,_constraint_names,1749,1792,9
py_lo_0086,long_parameter_list,python,scikit-learn\sklearn\linear_model\_ransac.py,__init__,276,303,12
py_lo_0087,long_parameter_list,python,scikit-learn\sklearn\gaussian_process\_gpc.py,__init__,659,680,9
py_lo_0088,long_parameter_list,python,django\django\template\response.py,__init__,150,164,8
py_lo_0089,long_parameter_list,python,scikit-learn\sklearn\utils\extmath.py,randomized_svd,364,560,9
py_lo_0090,long_parameter_list,python,click\src\click\types.py,__init__,799,826,9
py_lo_0091,long_parameter_list,python,scikit-learn\sklearn\neighbors\_classification.py,__init__,193,214,8
py_lo_0092,long_parameter_list,python,scikit-learn\sklearn\neighbors\_classification.py,__init__,578,601,9
py_lo_0093,long_parameter_list,python,scrapy\scrapy\utils\deprecate.py,create_deprecated_class,20,128,9
py_lo_0094,long_parameter_list,python,scikit-learn\sklearn\linear_model\_coordinate_descent.py,_alpha_grid,96,185,8
py_lo_0095,long_parameter_list,python,scikit-learn\sklearn\linear_model\_coordinate_descent.py,lasso_path,205,376,12
py_lo_0096,long_parameter_list,python,scikit-learn\sklearn\linear_model\_coordinate_descent.py,enet_path,398,703,14
py_lo_0097,long_parameter_list,python,scikit-learn\sklearn\linear_model\_coordinate_descent.py,_path_residuals,1316,1455,12
py_lo_0098,long_parameter_list,python,scikit-learn\sklearn\linear_model\_coordinate_descent.py,__init__,876,901,11
py_lo_0099,long_parameter_list,python,scikit-learn\sklearn\linear_model\_coordinate_descent.py,__init__,1283,1309,10
py_lo_0100,long_parameter_list,python,scikit-learn\sklearn\linear_model\_coordinate_descent.py,__init__,1479,1509,14
py_lo_0101,long_parameter_list,python,scikit-learn\sklearn\linear_model\_coordinate_descent.py,__init__,2013,2046,14
py_lo_0102,long_parameter_list,python,scikit-learn\sklearn\linear_model\_coordinate_descent.py,__init__,2252,2285,15
py_lo_0103,long_parameter_list,python,scikit-learn\sklearn\linear_model\_coordinate_descent.py,__init__,2432,2453,9
py_lo_0104,long_parameter_list,python,scikit-learn\sklearn\linear_model\_coordinate_descent.py,__init__,2669,2689,8
py_lo_0105,long_parameter_list,python,scikit-learn\sklearn\linear_model\_coordinate_descent.py,__init__,2875,2904,13
py_lo_0106,long_parameter_list,python,scikit-learn\sklearn\linear_model\_coordinate_descent.py,__init__,3113,3142,12
py_lo_0107,long_parameter_list,python,scikit-learn\sklearn\manifold\_mds.py,_smacof_single,22,167,9
py_lo_0108,long_parameter_list,python,scikit-learn\sklearn\manifold\_mds.py,smacof,187,392,12
py_lo_0109,long_parameter_list,python,scikit-learn\sklearn\manifold\_mds.py,__init__,544,567,10
